energia	medio	magnitud	caja	cilindro	diferencia_relativa
1meV	Agua-pura	pasos_tanque	108898	103839	-0.046456
1meV	Agua-pura	pasos_exterior	24808	29867	0.203926
1meV	Agua-pura	pasos_tanque_estricto	98474	93415	-0.051374
1meV	Agua-pura	compt_tanque	80365	80361	-0.000050
1meV	Agua-pura	phot_tanque	5274	5274	0.000000
1meV	Agua-pura	Rayl_tanque	3453	3453	0.000000
1meV	Agua-pura	conv_tanque	151	151	0.000000
1meV	Agua-pura	Transportation_tanque	19655	14600	-0.257186
1meV	Agua-pura	compt_tanque_estricto	80358	80354	-0.000050
1meV	Agua-pura	phot_tanque_estricto	5273	5273	0.000000
1meV	Agua-pura	Rayl_tanque_estricto	3453	3453	0.000000
1meV	Agua-pura	Transportation_tanque_estricto	9239	4184	-0.547137
1meV	Agua-pura	fraccion_compton_fisicas	0.9005188081978418	0.900514349107453	-0.000005
1meV	Agua-pura	pares_%_tesis	0.13866186706826572	0.14541742505224434	0.048720
1meV	Agua-pura	f_Compton_tesis	0.737984168671601	0.7738999797763846	0.048667
1meV	Agua-pura	fotones_absorbidos_tanque	5425	5425	0.000000
1meV	Agua-pura	fotones_que_escapan	13919	13919	0.000000
1meV	Agua-pura	fotoabs_tesis_N	4175	4245	0.016766
1meV	Agua-pura	fotoabs_tesis_media	0.046376308170190554	0.04644691027770568	0.001522
1meV	Agua-pura	fotoabs_tesis_sigma	0.0151461084436183	0.015186660423389405	0.002677
1meV	Agua-pura	FWHM_Compton	0.054000000000000006	0.054000000000000006	0.000000
1meV	Agua-pura	Cmax_Compton	1962	1962	0.000000
1meV	Agua-pura	z_fotoabs_media	1101.1257000379203	1101.1257000379203	0.000000
1meV	Agua-pura	r_fotoabs_media	240.5166519399494	240.5166519399494	0.000000
1meV	Agua+2.5NaCl	pasos_tanque	213878	203593	-0.048088
1meV	Agua+2.5NaCl	pasos_exterior	51954	62239	0.197964
1meV	Agua+2.5NaCl	pasos_tanque_estricto	191830	181549	-0.053594
1meV	Agua+2.5NaCl	compt_tanque	154212	154201	-0.000071
1meV	Agua+2.5NaCl	phot_tanque	11754	11754	0.000000
1meV	Agua+2.5NaCl	Rayl_tanque	6450	6450	0.000000
1meV	Agua+2.5NaCl	conv_tanque	838	838	0.000000
1meV	Agua+2.5NaCl	Transportation_tanque	40624	30350	-0.252905
1meV	Agua+2.5NaCl	compt_tanque_estricto	154185	154174	-0.000071
1meV	Agua+2.5NaCl	phot_tanque_estricto	11752	11752	0.000000
1meV	Agua+2.5NaCl	Rayl_tanque_estricto	6450	6450	0.000000
1meV	Agua+2.5NaCl	Transportation_tanque_estricto	18606	8336	-0.551972
1meV	Agua+2.5NaCl	fraccion_compton_fisicas	0.8900920036478235	0.8900850250803785	-0.000008
1meV	Agua+2.5NaCl	pares_%_tesis	0.39555260475598236	0.4155349152475773	0.050517
1meV	Agua+2.5NaCl	f_Compton_tesis	0.7210278757048411	0.757398338842691	0.050443
1meV	Agua+2.5NaCl	fotones_absorbidos_tanque	12592	12592	0.000000
1meV	Agua+2.5NaCl	fotones_que_escapan	29048	29048	0.000000
1meV	Agua+2.5NaCl	fotoabs_tesis_N	8884	9084	0.022512
1meV	Agua+2.5NaCl	fotoabs_tesis_media	0.04880290443209877	0.04890012653236703	0.001992
1meV	Agua+2.5NaCl	fotoabs_tesis_sigma	0.01586404178951312	0.015943671928390846	0.005020
1meV	Agua+2.5NaCl	FWHM_Compton	0.0621	0.0621	0.000000
1meV	Agua+2.5NaCl	Cmax_Compton	3548	3548	0.000000
1meV	Agua+2.5NaCl	z_fotoabs_media	1109.4000282797342	1109.4000282797342	0.000000
1meV	Agua+2.5NaCl	r_fotoabs_media	243.4169797658865	243.4169797658865	0.000000
1meV	Agua+5NaCl	pasos_tanque	275135	261294	-0.050306
1meV	Agua+5NaCl	pasos_exterior	70304	84145	0.196874
1meV	Agua+5NaCl	pasos_tanque_estricto	245214	231377	-0.056428
1meV	Agua+5NaCl	compt_tanque	195348	195336	-0.000061
1meV	Agua+5NaCl	phot_tanque	16071	16071	0.000000
1meV	Agua+5NaCl	Rayl_tanque	7976	7976	0.000000
1meV	Agua+5NaCl	conv_tanque	1260	1260	0.000000
1meV	Agua+5NaCl	Transportation_tanque	54479	40650	-0.253841
1meV	Agua+5NaCl	compt_tanque_estricto	195312	195300	-0.000061
1meV	Agua+5NaCl	phot_tanque_estricto	16070	16070	0.000000
1meV	Agua+5NaCl	Rayl_tanque_estricto	7976	7976	0.000000
1meV	Agua+5NaCl	Transportation_tanque_estricto	24595	10770	-0.562106
1meV	Agua+5NaCl	fraccion_compton_fisicas	0.8853096462803924	0.8853034086737399	-0.000007
1meV	Agua+5NaCl	pares_%_tesis	0.4644992458247769	0.48910422742198445	0.052971
1meV	Agua+5NaCl	f_Compton_tesis	0.7100078143456848	0.7475717008427288	0.052906
1meV	Agua+5NaCl	fotones_absorbidos_tanque	17331	17331	0.000000
1meV	Agua+5NaCl	fotones_que_escapan	39195	39195	0.000000
1meV	Agua+5NaCl	fotoabs_tesis_N	11928	12246	0.026660
1meV	Agua+5NaCl	fotoabs_tesis_media	0.05061587370377254	0.05072949031781227	0.002245
1meV	Agua+5NaCl	fotoabs_tesis_sigma	0.01612232155221257	0.016196308952144193	0.004589
1meV	Agua+5NaCl	FWHM_Compton	0.0621	0.0621	0.000000
1meV	Agua+5NaCl	Cmax_Compton	4224	4224	0.000000
1meV	Agua+5NaCl	z_fotoabs_media	1108.0186627422033	1108.0186627422033	0.000000
1meV	Agua+5NaCl	r_fotoabs_media	241.68621975782588	241.68621975782588	0.000000
1meV	Agua+10NaCl	pasos_tanque	363278	344421	-0.051908
1meV	Agua+10NaCl	pasos_exterior	97218	116075	0.193966
1meV	Agua+10NaCl	pasos_tanque_estricto	321796	302942	-0.058590
1meV	Agua+10NaCl	compt_tanque	253350	253332	-0.000071
1meV	Agua+10NaCl	phot_tanque	23153	23149	-0.000173
1meV	Agua+10NaCl	Rayl_tanque	10181	10181	0.000000
1meV	Agua+10NaCl	conv_tanque	2040	2039	-0.000490
1meV	Agua+10NaCl	Transportation_tanque	74554	55720	-0.252622
1meV	Agua+10NaCl	compt_tanque_estricto	253309	253291	-0.000071
1meV	Agua+10NaCl	phot_tanque_estricto	23151	23147	-0.000173
1meV	Agua+10NaCl	Rayl_tanque_estricto	10181	10181	0.000000
1meV	Agua+10NaCl	Transportation_tanque_estricto	33116	14285	-0.568638
1meV	Agua+10NaCl	fraccion_compton_fisicas	0.8774816087336003	0.8774891669928403	0.000009
1meV	Agua+10NaCl	pares_%_tesis	0.5676093790430469	0.5986859105571379	0.054750
1meV	Agua+10NaCl	f_Compton_tesis	0.697399787490572	0.7355300634978703	0.054675
1meV	Agua+10NaCl	fotones_absorbidos_tanque	25193	25188	-0.000198
1meV	Agua+10NaCl	fotones_que_escapan	54138	54138	0.000000
1meV	Agua+10NaCl	fotoabs_tesis_N	16783	17256	0.028183
1meV	Agua+10NaCl	fotoabs_tesis_media	0.05335358037081822	0.05343280319561439	0.001485
1meV	Agua+10NaCl	fotoabs_tesis_sigma	0.016353492229603736	0.016388655538765378	0.002150
1meV	Agua+10NaCl	FWHM_Compton	0.0702	0.0702	0.000000
1meV	Agua+10NaCl	Cmax_Compton	5261	5261	0.000000
1meV	Agua+10NaCl	z_fotoabs_media	1115.8946738521931	1115.9287648148875	0.000031
1meV	Agua+10NaCl	r_fotoabs_media	239.75520618597525	239.70302846061773	-0.000218
2.5meV	Agua-pura	pasos_tanque	124672	118971	-0.045728
2.5meV	Agua-pura	pasos_exterior	28364	34065	0.200994
2.5meV	Agua-pura	pasos_tanque_estricto	112723	107022	-0.050575
2.5meV	Agua-pura	compt_tanque	92153	92145	-0.000087
2.5meV	Agua-pura	phot_tanque	6056	6056	0.000000
2.5meV	Agua-pura	Rayl_tanque	3899	3899	0.000000
2.5meV	Agua-pura	conv_tanque	148	148	0.000000
2.5meV	Agua-pura	Transportation_tanque	22416	16723	-0.253970
2.5meV	Agua-pura	compt_tanque_estricto	92144	92136	-0.000087
2.5meV	Agua-pura	phot_tanque_estricto	6056	6056	0.000000
2.5meV	Agua-pura	Rayl_tanque_estricto	3899	3899	0.000000
2.5meV	Agua-pura	Transportation_tanque_estricto	10476	4783	-0.543433
2.5meV	Agua-pura	fraccion_compton_fisicas	0.9011989516507589	0.9011912213441827	-0.000009
2.5meV	Agua-pura	pares_%_tesis	0.12031570841889117	0.12608114582545327	0.047919
2.5meV	Agua-pura	f_Compton_tesis	0.7391635651950719	0.7745164788057594	0.047828
2.5meV	Agua-pura	fotones_absorbidos_tanque	6204	6204	0.000000
2.5meV	Agua-pura	fotones_que_escapan	15910	15910	0.000000
2.5meV	Agua-pura	fotoabs_tesis_N	4766	4840	0.015527
2.5meV	Agua-pura	fotoabs_tesis_media	0.047214006443476265	0.047295574669100865	0.001728
2.5meV	Agua-pura	fotoabs_tesis_sigma	0.015598353143602708	0.01565228513095001	0.003458
2.5meV	Agua-pura	FWHM_Compton	0.0567	0.0567	0.000000
2.5meV	Agua-pura	Cmax_Compton	2151	2151	0.000000
2.5meV	Agua-pura	z_fotoabs_media	1105.618005432629	1105.618005432629	0.000000
2.5meV	Agua-pura	r_fotoabs_media	238.06890794184406	238.06890794184406	0.000000
2.5meV	Agua+2.5NaCl	pasos_tanque	241700	230046	-0.048217
2.5meV	Agua+2.5NaCl	pasos_exterior	58323	69977	0.199818
2.5meV	Agua+2.5NaCl	pasos_tanque_estricto	216969	205316	-0.053708
2.5meV	Agua+2.5NaCl	compt_tanque	174364	174354	-0.000057
2.5meV	Agua+2.5NaCl	phot_tanque	13441	13441	0.000000
2.5meV	Agua+2.5NaCl	Rayl_tanque	7288	7288	0.000000
2.5meV	Agua+2.5NaCl	conv_tanque	963	963	0.000000
2.5meV	Agua+2.5NaCl	Transportation_tanque	45643	33999	-0.255110
2.5meV	Agua+2.5NaCl	compt_tanque_estricto	174344	174334	-0.000057
2.5meV	Agua+2.5NaCl	phot_tanque_estricto	13441	13441	0.000000
2.5meV	Agua+2.5NaCl	Rayl_tanque_estricto	7288	7288	0.000000
2.5meV	Agua+2.5NaCl	Transportation_tanque_estricto	20932	9289	-0.556230
2.5meV	Agua+2.5NaCl	fraccion_compton_fisicas	0.8893581425715101	0.8893524989033186	-0.000006
2.5meV	Agua+2.5NaCl	pares_%_tesis	0.4004964832436905	0.42078540813576415	0.050659
2.5meV	Agua+2.5NaCl	f_Compton_tesis	0.7214067025237898	0.7579092877076758	0.050599
2.5meV	Agua+2.5NaCl	fotones_absorbidos_tanque	14404	14404	0.000000
2.5meV	Agua+2.5NaCl	fotones_que_escapan	32612	32612	0.000000
2.5meV	Agua+2.5NaCl	fotoabs_tesis_N	10111	10329	0.021561
2.5meV	Agua+2.5NaCl	fotoabs_tesis_media	0.04922670270858262	0.04930062820596206	0.001502
2.5meV	Agua+2.5NaCl	fotoabs_tesis_sigma	0.016080008394223997	0.01613408309273462	0.003363
2.5meV	Agua+2.5NaCl	FWHM_Compton	0.0594	0.0594	0.000000
2.5meV	Agua+2.5NaCl	Cmax_Compton	3932	3932	0.000000
2.5meV	Agua+2.5NaCl	z_fotoabs_media	1112.4935978721824	1112.4935978721824	0.000000
2.5meV	Agua+2.5NaCl	r_fotoabs_media	240.59350476869218	240.59350476869218	0.000000
2.5meV	Agua+5NaCl	pasos_tanque	315348	299940	-0.048860
2.5meV	Agua+5NaCl	pasos_exterior	78871	94279	0.195357
2.5meV	Agua+5NaCl	pasos_tanque_estricto	281780	266372	-0.054681
2.5meV	Agua+5NaCl	compt_tanque	225003	224996	-0.000031
2.5meV	Agua+5NaCl	phot_tanque	18592	18592	0.000000
2.5meV	Agua+5NaCl	Rayl_tanque	9176	9176	0.000000
2.5meV	Agua+5NaCl	conv_tanque	1453	1453	0.000000
2.5meV	Agua+5NaCl	Transportation_tanque	61124	45723	-0.251963
2.5meV	Agua+5NaCl	compt_tanque_estricto	224969	224962	-0.000031
2.5meV	Agua+5NaCl	phot_tanque_estricto	18591	18591	0.000000
2.5meV	Agua+5NaCl	Rayl_tanque_estricto	9176	9176	0.000000
2.5meV	Agua+5NaCl	Transportation_tanque_estricto	27592	12191	-0.558169
2.5meV	Agua+5NaCl	fraccion_compton_fisicas	0.8850580590345523	0.8850548940472116	-0.000004
2.5meV	Agua+5NaCl	pares_%_tesis	0.465200350089425	0.4890978195639128	0.051370
2.5meV	Agua+5NaCl	f_Compton_tesis	0.7135069827619012	0.7501366940054678	0.051338
2.5meV	Agua+5NaCl	fotones_absorbidos_tanque	20045	20045	0.000000
2.5meV	Agua+5NaCl	fotones_que_escapan	43979	43979	0.000000
2.5meV	Agua+5NaCl	fotoabs_tesis_N	13753	14108	0.025813
2.5meV	Agua+5NaCl	fotoabs_tesis_media	0.050380780958517925	0.05046498821972734	0.001671
2.5meV	Agua+5NaCl	fotoabs_tesis_sigma	0.015998320807185374	0.01605088071465019	0.003285
2.5meV	Agua+5NaCl	FWHM_Compton	0.0648	0.0648	0.000000
2.5meV	Agua+5NaCl	Cmax_Compton	5014	5013	-0.000199
2.5meV	Agua+5NaCl	z_fotoabs_media	1113.2778316716895	1113.2778316716895	0.000000
2.5meV	Agua+5NaCl	r_fotoabs_media	240.40607277383032	240.40607277383032	0.000000
2.5meV	Agua+10NaCl	pasos_tanque	418772	397333	-0.051195
2.5meV	Agua+10NaCl	pasos_exterior	110370	131809	0.194247
2.5meV	Agua+10NaCl	pasos_tanque_estricto	371738	350305	-0.057656
2.5meV	Agua+10NaCl	compt_tanque	292656	292642	-0.000048
2.5meV	Agua+10NaCl	phot_tanque	26773	26772	-0.000037
2.5meV	Agua+10NaCl	Rayl_tanque	11871	11871	0.000000
2.5meV	Agua+10NaCl	conv_tanque	2308	2308	0.000000
2.5meV	Agua+10NaCl	Transportation_tanque	85153	63729	-0.251594
2.5meV	Agua+10NaCl	compt_tanque_estricto	292612	292598	-0.000048
2.5meV	Agua+10NaCl	phot_tanque_estricto	26767	26766	-0.000037
2.5meV	Agua+10NaCl	Rayl_tanque_estricto	11868	11868	0.000000
2.5meV	Agua+10NaCl	Transportation_tanque_estricto	38172	16754	-0.561092
2.5meV	Agua+10NaCl	fraccion_compton_fisicas	0.877245149996403	0.8772426279927936	-0.000003
2.5meV	Agua+10NaCl	pares_%_tesis	0.5568662661304958	0.586913244054735	0.053957
2.5meV	Agua+10NaCl	f_Compton_tesis	0.6988432846513138	0.7365157185534552	0.053907
2.5meV	Agua+10NaCl	fotones_absorbidos_tanque	29081	29080	-0.000034
2.5meV	Agua+10NaCl	fotones_que_escapan	61406	61406	0.000000
2.5meV	Agua+10NaCl	fotoabs_tesis_N	19348	19891	0.028065
2.5meV	Agua+10NaCl	fotoabs_tesis_media	0.05312893232776192	0.05322005788131664	0.001715
2.5meV	Agua+10NaCl	fotoabs_tesis_sigma	0.016129076706303536	0.01617990431985939	0.003151
2.5meV	Agua+10NaCl	FWHM_Compton	0.0675	0.0675	0.000000
2.5meV	Agua+10NaCl	Cmax_Compton	6202	6202	0.000000
2.5meV	Agua+10NaCl	z_fotoabs_media	1117.4711380719311	1117.471565426558	0.000000
2.5meV	Agua+10NaCl	r_fotoabs_media	241.5047727376002	241.4958629462342	-0.000037
5meV	Agua-pura	pasos_tanque	139913	133644	-0.044806
5meV	Agua-pura	pasos_exterior	31759	38028	0.197393
5meV	Agua-pura	pasos_tanque_estricto	126432	120164	-0.049576
5meV	Agua-pura	compt_tanque	103548	103544	-0.000039
5meV	Agua-pura	phot_tanque	6827	6825	-0.000293
5meV	Agua-pura	Rayl_tanque	4338	4338	0.000000
5meV	Agua-pura	conv_tanque	189	189	0.000000
5meV	Agua-pura	Transportation_tanque	25011	18748	-0.250410
5meV	Agua-pura	compt_tanque_estricto	103531	103527	-0.000039
5meV	Agua-pura	phot_tanque_estricto	6827	6825	-0.000293
5meV	Agua-pura	Rayl_tanque_estricto	4338	4338	0.000000
5meV	Agua-pura	Transportation_tanque_estricto	11547	5285	-0.542305
5meV	Agua-pura	fraccion_compton_fisicas	0.9011853579572157	0.9011976047904192	0.000014
5meV	Agua-pura	pares_%_tesis	0.13651340475867146	0.14291700338211966	0.046908
5meV	Agua-pura	f_Compton_tesis	0.7400884835576393	0.7747747747747747	0.046868
5meV	Agua-pura	fotones_absorbidos_tanque	7016	7014	-0.000285
5meV	Agua-pura	fotones_que_escapan	17757	17757	0.000000
5meV	Agua-pura	fotoabs_tesis_N	5432	5508	0.013991
5meV	Agua-pura	fotoabs_tesis_media	0.04704411444244963	0.04711556821705427	0.001519
5meV	Agua-pura	fotoabs_tesis_sigma	0.015166531413351676	0.015207677936599424	0.002713
5meV	Agua-pura	FWHM_Compton	0.0594	0.0594	0.000000
5meV	Agua-pura	Cmax_Compton	2397	2397	0.000000
5meV	Agua-pura	z_fotoabs_media	1104.79078448806	1104.7795935091551	-0.000010
5meV	Agua-pura	r_fotoabs_media	240.11445852913332	240.02380300006507	-0.000378
5meV	Agua+2.5NaCl	pasos_tanque	275992	262819	-0.047730
5meV	Agua+2.5NaCl	pasos_exterior	65050	78223	0.202506
5meV	Agua+2.5NaCl	pasos_tanque_estricto	248468	235297	-0.053009
5meV	Agua+2.5NaCl	compt_tanque	199589	199575	-0.000070
5meV	Agua+2.5NaCl	phot_tanque	15405	15405	0.000000
5meV	Agua+2.5NaCl	Rayl_tanque	8469	8469	0.000000
5meV	Agua+2.5NaCl	conv_tanque	1092	1092	0.000000
5meV	Agua+2.5NaCl	Transportation_tanque	51437	38278	-0.255828
5meV	Agua+2.5NaCl	compt_tanque_estricto	199562	199548	-0.000070
5meV	Agua+2.5NaCl	phot_tanque_estricto	15405	15405	0.000000
5meV	Agua+2.5NaCl	Rayl_tanque_estricto	8467	8467	0.000000
5meV	Agua+2.5NaCl	Transportation_tanque_estricto	23944	10787	-0.549490
5meV	Agua+2.5NaCl	fraccion_compton_fisicas	0.8888201108859745	0.8888131788849253	-0.000008
5meV	Agua+2.5NaCl	pares_%_tesis	0.40146091191049016	0.4215829144772638	0.050122
5meV	Agua+2.5NaCl	f_Compton_tesis	0.7231695121597728	0.7593629075523459	0.050048
5meV	Agua+2.5NaCl	fotones_absorbidos_tanque	16497	16497	0.000000
5meV	Agua+2.5NaCl	fotones_que_escapan	36387	36387	0.000000
5meV	Agua+2.5NaCl	fotoabs_tesis_N	11528	11793	0.022988
5meV	Agua+2.5NaCl	fotoabs_tesis_media	0.048851941980367866	0.048966553814081305	0.002346
5meV	Agua+2.5NaCl	fotoabs_tesis_sigma	0.015860098329981722	0.01594330343767048	0.005246
5meV	Agua+2.5NaCl	FWHM_Compton	0.0621	0.0621	0.000000
5meV	Agua+2.5NaCl	Cmax_Compton	4576	4576	0.000000
5meV	Agua+2.5NaCl	z_fotoabs_media	1113.7314003700117	1113.7314003700117	0.000000
5meV	Agua+2.5NaCl	r_fotoabs_media	240.71672282230094	240.71672282230094	0.000000
5meV	Agua+5NaCl	pasos_tanque	350114	333022	-0.048818
5meV	Agua+5NaCl	pasos_exterior	86946	104038	0.196582
5meV	Agua+5NaCl	pasos_tanque_estricto	313124	296037	-0.054569
5meV	Agua+5NaCl	compt_tanque	249853	249837	-0.000064
5meV	Agua+5NaCl	phot_tanque	20682	20682	0.000000
5meV	Agua+5NaCl	Rayl_tanque	10347	10347	0.000000
5meV	Agua+5NaCl	conv_tanque	1665	1663	-0.001201
5meV	Agua+5NaCl	Transportation_tanque	67565	50491	-0.252705
5meV	Agua+5NaCl	compt_tanque_estricto	249806	249790	-0.000064
5meV	Agua+5NaCl	phot_tanque_estricto	20682	20682	0.000000
5meV	Agua+5NaCl	Rayl_tanque_estricto	10346	10346	0.000000
5meV	Agua+5NaCl	Transportation_tanque_estricto	30624	13555	-0.557373
5meV	Agua+5NaCl	fraccion_compton_fisicas	0.8842882777024708	0.8842879845962716	-0.000000
5meV	Agua+5NaCl	pares_%_tesis	0.4812718143233347	0.5059725783882146	0.051324
5meV	Agua+5NaCl	f_Compton_tesis	0.7136332737336981	0.7502116977256758	0.051257
5meV	Agua+5NaCl	fotones_absorbidos_tanque	22347	22345	-0.000089
5meV	Agua+5NaCl	fotones_que_escapan	48461	48461	0.000000
5meV	Agua+5NaCl	fotoabs_tesis_N	15225	15599	0.024565
5meV	Agua+5NaCl	fotoabs_tesis_media	0.05057694718970406	0.05066470563278309	0.001735
5meV	Agua+5NaCl	fotoabs_tesis_sigma	0.01601147682158935	0.01607596906327119	0.004028
5meV	Agua+5NaCl	FWHM_Compton	0.0648	0.0648	0.000000
5meV	Agua+5NaCl	Cmax_Compton	5516	5516	0.000000
5meV	Agua+5NaCl	z_fotoabs_media	1112.1136943022923	1112.1136943022923	0.000000
5meV	Agua+5NaCl	r_fotoabs_media	241.1934036664517	241.1934036664517	0.000000
5meV	Agua+10NaCl	pasos_tanque	468138	444274	-0.050976
5meV	Agua+10NaCl	pasos_exterior	120711	144575	0.197695
5meV	Agua+10NaCl	pasos_tanque_estricto	416785	392922	-0.057255
5meV	Agua+10NaCl	compt_tanque	328834	328821	-0.000040
5meV	Agua+10NaCl	phot_tanque	29892	29891	-0.000033
5meV	Agua+10NaCl	Rayl_tanque	13163	13163	0.000000
5meV	Agua+10NaCl	conv_tanque	2546	2545	-0.000393
5meV	Agua+10NaCl	Transportation_tanque	93703	69854	-0.254517
5meV	Agua+10NaCl	compt_tanque_estricto	328785	328772	-0.000040
5meV	Agua+10NaCl	phot_tanque_estricto	29888	29887	-0.000033
5meV	Agua+10NaCl	Rayl_tanque_estricto	13163	13163	0.000000
5meV	Agua+10NaCl	Transportation_tanque_estricto	42405	18557	-0.562387
5meV	Agua+10NaCl	fraccion_compton_fisicas	0.878213842188898	0.8782143047914107	0.000001
5meV	Agua+10NaCl	pares_%_tesis	0.5477017460663308	0.577121326028532	0.053715
5meV	Agua+10NaCl	f_Compton_tesis	0.7024296254523239	0.7401310902731197	0.053673
5meV	Agua+10NaCl	fotones_absorbidos_tanque	32438	32436	-0.000062
5meV	Agua+10NaCl	fotones_que_escapan	67280	67280	0.000000
5meV	Agua+10NaCl	fotoabs_tesis_N	21626	22206	0.026820
5meV	Agua+10NaCl	fotoabs_tesis_media	0.05316402280464318	0.0532489908464567	0.001598
5meV	Agua+10NaCl	fotoabs_tesis_sigma	0.01616974920232488	0.01621409886893714	0.002743
5meV	Agua+10NaCl	FWHM_Compton	0.0675	0.0675	0.000000
5meV	Agua+10NaCl	Cmax_Compton	6841	6841	0.000000
5meV	Agua+10NaCl	z_fotoabs_media	1115.7676147785369	1115.7704305965012	0.000003
5meV	Agua+10NaCl	r_fotoabs_media	240.45219239759763	240.44366593100557	-0.000035
7meV	Agua-pura	pasos_tanque	150071	143195	-0.045818
7meV	Agua-pura	pasos_exterior	33285	40161	0.206580
7meV	Agua-pura	pasos_tanque_estricto	136026	129151	-0.050542
7meV	Agua-pura	compt_tanque	111236	111228	-0.000072
7meV	Agua-pura	phot_tanque	7206	7206	0.000000
7meV	Agua-pura	Rayl_tanque	4810	4810	0.000000
7meV	Agua-pura	conv_tanque	148	148	0.000000
7meV	Agua-pura	Transportation_tanque	26671	19803	-0.257508
7meV	Agua-pura	compt_tanque_estricto	111216	111208	-0.000072
7meV	Agua-pura	phot_tanque_estricto	7206	7206	0.000000
7meV	Agua-pura	Rayl_tanque_estricto	4810	4810	0.000000
7meV	Agua-pura	Transportation_tanque_estricto	12646	5779	-0.543018
7meV	Agua-pura	fraccion_compton_fisicas	0.9014262560777958	0.9014198651452282	-0.000007
7meV	Agua-pura	pares_%_tesis	0.09995268906051136	0.1047522609029645	0.048018
7meV	Agua-pura	f_Compton_tesis	0.7412224880223361	0.7767589650476623	0.047943
7meV	Agua-pura	fotones_absorbidos_tanque	7354	7354	0.000000
7meV	Agua-pura	fotones_que_escapan	18656	18656	0.000000
7meV	Agua-pura	fotoabs_tesis_N	5695	5783	0.015452
7meV	Agua-pura	fotoabs_tesis_media	0.046242954701834864	0.04636544874524715	0.002649
7meV	Agua-pura	fotoabs_tesis_sigma	0.01531558876386311	0.015424265606514076	0.007096
7meV	Agua-pura	FWHM_Compton	0.0567	0.0567	0.000000
7meV	Agua-pura	Cmax_Compton	2633	2633	0.000000
7meV	Agua-pura	z_fotoabs_media	1104.1704386622293	1104.1704386622293	0.000000
7meV	Agua-pura	r_fotoabs_media	239.4154577308307	239.4154577308307	0.000000
7meV	Agua+2.5NaCl	pasos_tanque	294752	280532	-0.048244
7meV	Agua+2.5NaCl	pasos_exterior	69297	83517	0.205204
7meV	Agua+2.5NaCl	pasos_tanque_estricto	265475	251255	-0.053564
7meV	Agua+2.5NaCl	compt_tanque	213262	213243	-0.000089
7meV	Agua+2.5NaCl	phot_tanque	16419	16417	-0.000122
7meV	Agua+2.5NaCl	Rayl_tanque	9058	9058	0.000000
7meV	Agua+2.5NaCl	conv_tanque	1138	1138	0.000000
7meV	Agua+2.5NaCl	Transportation_tanque	54875	40676	-0.258752
7meV	Agua+2.5NaCl	compt_tanque_estricto	213234	213215	-0.000089
7meV	Agua+2.5NaCl	phot_tanque_estricto	16419	16417	-0.000122
7meV	Agua+2.5NaCl	Rayl_tanque_estricto	9058	9058	0.000000
7meV	Agua+2.5NaCl	Transportation_tanque_estricto	25626	11427	-0.554086
7meV	Agua+2.5NaCl	fraccion_compton_fisicas	0.8890473034096641	0.8890459275565339	-0.000002
7meV	Agua+2.5NaCl	pares_%_tesis	0.3918548474649875	0.41171773630102804	0.050689
7meV	Agua+2.5NaCl	f_Compton_tesis	0.7235302898708067	0.7601378808834642	0.050596
7meV	Agua+2.5NaCl	fotones_absorbidos_tanque	17557	17555	-0.000114
7meV	Agua+2.5NaCl	fotones_que_escapan	38787	38787	0.000000
7meV	Agua+2.5NaCl	fotoabs_tesis_N	12271	12574	0.024692
7meV	Agua+2.5NaCl	fotoabs_tesis_media	0.048816262601408575	0.04893575181406901	0.002448
7meV	Agua+2.5NaCl	fotoabs_tesis_sigma	0.015890191414366546	0.015979473540731988	0.005619
7meV	Agua+2.5NaCl	FWHM_Compton	0.0594	0.0594	0.000000
7meV	Agua+2.5NaCl	Cmax_Compton	4941	4941	0.000000
7meV	Agua+2.5NaCl	z_fotoabs_media	1113.064949722877	1113.0606027593299	-0.000004
7meV	Agua+2.5NaCl	r_fotoabs_media	240.02518831057805	239.98780848369634	-0.000156
7meV	Agua+5NaCl	pasos_tanque	373474	355397	-0.048402
7meV	Agua+5NaCl	pasos_exterior	91549	109626	0.197457
7meV	Agua+5NaCl	pasos_tanque_estricto	334585	316509	-0.054025
7meV	Agua+5NaCl	compt_tanque	267275	267261	-0.000052
7meV	Agua+5NaCl	phot_tanque	21976	21976	0.000000
7meV	Agua+5NaCl	Rayl_tanque	11161	11161	0.000000
7meV	Agua+5NaCl	conv_tanque	1648	1648	0.000000
7meV	Agua+5NaCl	Transportation_tanque	71414	53351	-0.252934
7meV	Agua+5NaCl	compt_tanque_estricto	267236	267222	-0.000052
7meV	Agua+5NaCl	phot_tanque_estricto	21974	21974	0.000000
7meV	Agua+5NaCl	Rayl_tanque_estricto	11161	11161	0.000000
7meV	Agua+5NaCl	Transportation_tanque_estricto	32567	14505	-0.554610
7meV	Agua+5NaCl	fraccion_compton_fisicas	0.8848407601138847	0.8848354224191017	-0.000006
7meV	Agua+5NaCl	pares_%_tesis	0.44501089767962426	0.4676460409063667	0.050864
7meV	Agua+5NaCl	f_Compton_tesis	0.7156455335578916	0.7520069105816876	0.050809
7meV	Agua+5NaCl	fotones_absorbidos_tanque	23624	23624	0.000000
7meV	Agua+5NaCl	fotones_que_escapan	51070	51070	0.000000
7meV	Agua+5NaCl	fotoabs_tesis_N	16264	16660	0.024348
7meV	Agua+5NaCl	fotoabs_tesis_media	0.05029239852529528	0.050356966764205514	0.001284
7meV	Agua+5NaCl	fotoabs_tesis_sigma	0.01601463941071588	0.016058903025054267	0.002764
7meV	Agua+5NaCl	FWHM_Compton	0.0648	0.0648	0.000000
7meV	Agua+5NaCl	Cmax_Compton	5905	5905	0.000000
7meV	Agua+5NaCl	z_fotoabs_media	1112.473893056053	1112.473893056053	0.000000
7meV	Agua+5NaCl	r_fotoabs_media	240.08320822156438	240.08320822156438	0.000000
7meV	Agua+10NaCl	pasos_tanque	492870	468197	-0.050060
7meV	Agua+10NaCl	pasos_exterior	125831	150504	0.196080
7meV	Agua+10NaCl	pasos_tanque_estricto	439243	414573	-0.056165
7meV	Agua+10NaCl	compt_tanque	346681	346649	-0.000092
7meV	Agua+10NaCl	phot_tanque	31798	31796	-0.000063
7meV	Agua+10NaCl	Rayl_tanque	14239	14239	0.000000
7meV	Agua+10NaCl	conv_tanque	2715	2715	0.000000
7meV	Agua+10NaCl	Transportation_tanque	97436	72797	-0.252874
7meV	Agua+10NaCl	compt_tanque_estricto	346624	346592	-0.000092
7meV	Agua+10NaCl	phot_tanque_estricto	31795	31793	-0.000063
7meV	Agua+10NaCl	Rayl_tanque_estricto	14238	14238	0.000000
7meV	Agua+10NaCl	Transportation_tanque_estricto	43871	19235	-0.561555
7meV	Agua+10NaCl	fraccion_compton_fisicas	0.8767123634092249	0.876706820199343	-0.000006
7meV	Agua+10NaCl	pares_%_tesis	0.5575506725911498	0.5869324237447058	0.052698
7meV	Agua+10NaCl	f_Compton_tesis	0.7033923752713698	0.7403913309995579	0.052601
7meV	Agua+10NaCl	fotones_absorbidos_tanque	34513	34511	-0.000058
7meV	Agua+10NaCl	fotones_que_escapan	70119	70119	0.000000
7meV	Agua+10NaCl	fotoabs_tesis_N	23142	23765	0.026921
7meV	Agua+10NaCl	fotoabs_tesis_media	0.05321185523618974	0.05329303335600798	0.001526
7meV	Agua+10NaCl	fotoabs_tesis_sigma	0.016231040272714145	0.01627787393096687	0.002885
7meV	Agua+10NaCl	FWHM_Compton	0.0675	0.0675	0.000000
7meV	Agua+10NaCl	Cmax_Compton	7284	7281	-0.000412
7meV	Agua+10NaCl	z_fotoabs_media	1114.7729745109748	1114.7779064504957	0.000004
7meV	Agua+10NaCl	r_fotoabs_media	241.0594949800636	241.0420838473595	-0.000072
10meV	Agua-pura	pasos_tanque	159194	152206	-0.043896
10meV	Agua-pura	pasos_exterior	35218	42206	0.198421
10meV	Agua-pura	pasos_tanque_estricto	144227	137239	-0.048451
10meV	Agua-pura	compt_tanque	118328	118324	-0.000034
10meV	Agua-pura	phot_tanque	7790	7790	0.000000
10meV	Agua-pura	Rayl_tanque	4893	4893	0.000000
10meV	Agua-pura	conv_tanque	237	237	0.000000
10meV	Agua-pura	Transportation_tanque	27946	20962	-0.249911
10meV	Agua-pura	compt_tanque_estricto	118314	118310	-0.000034
10meV	Agua-pura	phot_tanque_estricto	7790	7790	0.000000
10meV	Agua-pura	Rayl_tanque_estricto	4893	4893	0.000000
10meV	Agua-pura	Transportation_tanque_estricto	12993	6009	-0.537520
10meV	Agua-pura	fraccion_compton_fisicas	0.9015604047299768	0.9015574045289689	-0.000003
10meV	Agua-pura	pares_%_tesis	0.14950312197695892	0.15636702889505014	0.045911
10meV	Agua-pura	f_Compton_tesis	0.7432943452642687	0.7773937952511728	0.045876
10meV	Agua-pura	fotones_absorbidos_tanque	8027	8027	0.000000
10meV	Agua-pura	fotones_que_escapan	19689	19689	0.000000
10meV	Agua-pura	fotoabs_tesis_N	6203	6300	0.015638
10meV	Agua-pura	fotoabs_tesis_media	0.04742461349511173	0.04751793046576295	0.001968
10meV	Agua-pura	fotoabs_tesis_sigma	0.01576536036223905	0.015843134395926012	0.004933
10meV	Agua-pura	FWHM_Compton	0.054000000000000006	0.054000000000000006	0.000000
10meV	Agua-pura	Cmax_Compton	2760	2760	0.000000
10meV	Agua-pura	z_fotoabs_media	1100.1444566623898	1100.1444566623898	0.000000
10meV	Agua-pura	r_fotoabs_media	238.43350625077963	238.43350625077963	0.000000
10meV	Agua+2.5NaCl	pasos_tanque	306048	291528	-0.047444
10meV	Agua+2.5NaCl	pasos_exterior	71551	86071	0.202932
10meV	Agua+2.5NaCl	pasos_tanque_estricto	275763	261244	-0.052650
10meV	Agua+2.5NaCl	compt_tanque	221630	221612	-0.000081
10meV	Agua+2.5NaCl	phot_tanque	17182	17180	-0.000116
10meV	Agua+2.5NaCl	Rayl_tanque	9419	9418	-0.000106
10meV	Agua+2.5NaCl	conv_tanque	1187	1187	0.000000
10meV	Agua+2.5NaCl	Transportation_tanque	56630	42131	-0.256030
10meV	Agua+2.5NaCl	compt_tanque_estricto	221597	221579	-0.000081
10meV	Agua+2.5NaCl	phot_tanque_estricto	17179	17177	-0.000116
10meV	Agua+2.5NaCl	Rayl_tanque_estricto	9418	9417	-0.000106
10meV	Agua+2.5NaCl	Transportation_tanque_estricto	26383	11885	-0.549521
10meV	Agua+2.5NaCl	fraccion_compton_fisicas	0.8885886343407453	0.8885912821726003	0.000003
10meV	Agua+2.5NaCl	pares_%_tesis	0.3898081346716855	0.4092231277956148	0.049807
10meV	Agua+2.5NaCl	f_Compton_tesis	0.7241674508573819	0.7601739798578524	0.049721
10meV	Agua+2.5NaCl	fotones_absorbidos_tanque	18369	18367	-0.000109
10meV	Agua+2.5NaCl	fotones_que_escapan	40055	40055	0.000000
10meV	Agua+2.5NaCl	fotoabs_tesis_N	12870	13172	0.023465
10meV	Agua+2.5NaCl	fotoabs_tesis_media	0.0489359575083426	0.049031695784004764	0.001956
10meV	Agua+2.5NaCl	fotoabs_tesis_sigma	0.015926109141107102	0.016002950761113882	0.004825
10meV	Agua+2.5NaCl	FWHM_Compton	0.0567	0.0567	0.000000
10meV	Agua+2.5NaCl	Cmax_Compton	5163	5163	0.000000
10meV	Agua+2.5NaCl	z_fotoabs_media	1112.4142997322865	1112.4174625145608	0.000003
10meV	Agua+2.5NaCl	r_fotoabs_media	237.27060238090777	237.23767491581793	-0.000139
10meV	Agua+5NaCl	pasos_tanque	392804	373660	-0.048737
10meV	Agua+5NaCl	pasos_exterior	95156	114300	0.201185
10meV	Agua+5NaCl	pasos_tanque_estricto	352484	333341	-0.054309
10meV	Agua+5NaCl	compt_tanque	281787	281768	-0.000067
10meV	Agua+5NaCl	phot_tanque	23165	23164	-0.000043
10meV	Agua+5NaCl	Rayl_tanque	11530	11530	0.000000
10meV	Agua+5NaCl	conv_tanque	1851	1851	0.000000
10meV	Agua+5NaCl	Transportation_tanque	74471	55347	-0.256798
10meV	Agua+5NaCl	compt_tanque_estricto	281746	281727	-0.000067
10meV	Agua+5NaCl	phot_tanque_estricto	23164	23163	-0.000043
10meV	Agua+5NaCl	Rayl_tanque_estricto	11530	11530	0.000000
10meV	Agua+5NaCl	Transportation_tanque_estricto	34193	15070	-0.559267
10meV	Agua+5NaCl	fraccion_compton_fisicas	0.8851956913043888	0.8851916195694175	-0.000005
10meV	Agua+5NaCl	pares_%_tesis	0.4760643985295465	0.5004549590536852	0.051234
10meV	Agua+5NaCl	f_Compton_tesis	0.717373041007729	0.7540758978750736	0.051163
10meV	Agua+5NaCl	fotones_absorbidos_tanque	25016	25015	-0.000040
10meV	Agua+5NaCl	fotones_que_escapan	53160	53160	0.000000
10meV	Agua+5NaCl	fotoabs_tesis_N	17218	17631	0.023987
10meV	Agua+5NaCl	fotoabs_tesis_media	0.05034594697593617	0.050427344579702715	0.001617
10meV	Agua+5NaCl	fotoabs_tesis_sigma	0.01593772803399575	0.015998594762676333	0.003819
10meV	Agua+5NaCl	FWHM_Compton	0.0648	0.0648	0.000000
10meV	Agua+5NaCl	Cmax_Compton	6200	6200	0.000000
10meV	Agua+5NaCl	z_fotoabs_media	1110.267542585804	1110.2649703850866	-0.000002
10meV	Agua+5NaCl	r_fotoabs_media	241.7436410435374	241.7313148391886	-0.000051
10meV	Agua+10NaCl	pasos_tanque	514877	489011	-0.050237
10meV	Agua+10NaCl	pasos_exterior	131403	157269	0.196845
10meV	Agua+10NaCl	pasos_tanque_estricto	458921	433063	-0.056345
10meV	Agua+10NaCl	compt_tanque	362021	362000	-0.000058
10meV	Agua+10NaCl	phot_tanque	33315	33314	-0.000030
10meV	Agua+10NaCl	Rayl_tanque	14606	14606	0.000000
10meV	Agua+10NaCl	conv_tanque	2725	2725	0.000000
10meV	Agua+10NaCl	Transportation_tanque	102208	76364	-0.252857
10meV	Agua+10NaCl	compt_tanque_estricto	361959	361938	-0.000058
10meV	Agua+10NaCl	phot_tanque_estricto	33312	33311	-0.000030
10meV	Agua+10NaCl	Rayl_tanque_estricto	14605	14605	0.000000
10meV	Agua+10NaCl	Transportation_tanque_estricto	46320	20484	-0.557772
10meV	Agua+10NaCl	fraccion_compton_fisicas	0.8772715046272176	0.877267384798071	-0.000005
10meV	Agua+10NaCl	pares_%_tesis	0.5348850307937624	0.5631775154342131	0.052895
10meV	Agua+10NaCl	f_Compton_tesis	0.7031213280064947	0.7402696462860754	0.052833
10meV	Agua+10NaCl	fotones_absorbidos_tanque	36040	36039	-0.000028
10meV	Agua+10NaCl	fotones_que_escapan	73242	73242	0.000000
10meV	Agua+10NaCl	fotoabs_tesis_N	24126	24797	0.027812
10meV	Agua+10NaCl	fotoabs_tesis_media	0.05323148457158858	0.053308721152416354	0.001451
10meV	Agua+10NaCl	fotoabs_tesis_sigma	0.01608007595131067	0.016135536747646485	0.003449
10meV	Agua+10NaCl	FWHM_Compton	0.0675	0.0675	0.000000
10meV	Agua+10NaCl	Cmax_Compton	7644	7643	-0.000131
10meV	Agua+10NaCl	z_fotoabs_media	1117.297637027924	1117.3023736742898	0.000004
10meV	Agua+10NaCl	r_fotoabs_media	239.62574444028715	239.6166383811082	-0.000038
25meV	Agua-pura	pasos_tanque	184829	176734	-0.043797
25meV	Agua-pura	pasos_exterior	40582	48677	0.199473
25meV	Agua-pura	pasos_tanque_estricto	167626	159531	-0.048292
25meV	Agua-pura	compt_tanque	137346	137336	-0.000073
25meV	Agua-pura	phot_tanque	9073	9072	-0.000110
25meV	Agua-pura	Rayl_tanque	5743	5743	0.000000
25meV	Agua-pura	conv_tanque	239	239	0.000000
25meV	Agua-pura	Transportation_tanque	32428	24344	-0.249291
25meV	Agua-pura	compt_tanque_estricto	137332	137322	-0.000073
25meV	Agua-pura	phot_tanque_estricto	9072	9071	-0.000110
25meV	Agua-pura	Rayl_tanque_estricto	5742	5742	0.000000
25meV	Agua-pura	Transportation_tanque_estricto	15241	7157	-0.530411
25meV	Agua-pura	fraccion_compton_fisicas	0.9012145589595869	0.9012139904193188	-0.000001
25meV	Agua-pura	pares_%_tesis	0.13039079365251124	0.13636312197992465	0.045803
25meV	Agua-pura	f_Compton_tesis	0.7430976740662991	0.777077415777383	0.045727
25meV	Agua-pura	fotones_absorbidos_tanque	9312	9311	-0.000107
25meV	Agua-pura	fotones_que_escapan	22696	22696	0.000000
25meV	Agua-pura	fotoabs_tesis_N	7225	7324	0.013702
25meV	Agua-pura	fotoabs_tesis_media	0.04686693158053337	0.04695259690783548	0.001828
25meV	Agua-pura	fotoabs_tesis_sigma	0.015262179412838363	0.015341112011326243	0.005172
25meV	Agua-pura	FWHM_Compton	0.0594	0.0594	0.000000
25meV	Agua-pura	Cmax_Compton	3202	3201	-0.000312
25meV	Agua-pura	z_fotoabs_media	1107.1193205334525	1107.1348953042345	0.000014
25meV	Agua-pura	r_fotoabs_media	236.49517383514606	236.46471007502885	-0.000129
25meV	Agua+2.5NaCl	pasos_tanque	350171	333355	-0.048022
25meV	Agua+2.5NaCl	pasos_exterior	80102	96918	0.209932
25meV	Agua+2.5NaCl	pasos_tanque_estricto	316429	299615	-0.053137
25meV	Agua+2.5NaCl	compt_tanque	254645	254628	-0.000067
25meV	Agua+2.5NaCl	phot_tanque	19468	19468	0.000000
25meV	Agua+2.5NaCl	Rayl_tanque	10605	10604	-0.000094
25meV	Agua+2.5NaCl	conv_tanque	1332	1332	0.000000
25meV	Agua+2.5NaCl	Transportation_tanque	64121	47323	-0.261973
25meV	Agua+2.5NaCl	compt_tanque_estricto	254617	254600	-0.000067
25meV	Agua+2.5NaCl	phot_tanque_estricto	19467	19467	0.000000
25meV	Agua+2.5NaCl	Rayl_tanque_estricto	10605	10604	-0.000094
25meV	Agua+2.5NaCl	Transportation_tanque_estricto	30410	13614	-0.552318
25meV	Agua+2.5NaCl	fraccion_compton_fisicas	0.8902115014857542	0.8902080886054707	-0.000004
25meV	Agua+2.5NaCl	pares_%_tesis	0.3832413306641612	0.40257383270087443	0.050445
25meV	Agua+2.5NaCl	f_Compton_tesis	0.7272018528090561	0.7638343507672001	0.050375
25meV	Agua+2.5NaCl	fotones_absorbidos_tanque	20800	20800	0.000000
25meV	Agua+2.5NaCl	fotones_que_escapan	44961	44961	0.000000
25meV	Agua+2.5NaCl	fotoabs_tesis_N	14643	14977	0.022810
25meV	Agua+2.5NaCl	fotoabs_tesis_media	0.04874940062181601	0.04884808748228273	0.002024
25meV	Agua+2.5NaCl	fotoabs_tesis_sigma	0.015853762780077076	0.015925976412089336	0.004555
25meV	Agua+2.5NaCl	FWHM_Compton	0.0594	0.0594	0.000000
25meV	Agua+2.5NaCl	Cmax_Compton	5918	5918	0.000000
25meV	Agua+2.5NaCl	z_fotoabs_media	1109.3840127866265	1109.3840127866265	0.000000
25meV	Agua+2.5NaCl	r_fotoabs_media	240.01284396869067	240.01284396869067	0.000000
25meV	Agua+5NaCl	pasos_tanque	455343	433272	-0.048471
25meV	Agua+5NaCl	pasos_exterior	107468	129539	0.205373
25meV	Agua+5NaCl	pasos_tanque_estricto	409972	387909	-0.053816
25meV	Agua+5NaCl	compt_tanque	327229	327209	-0.000061
25meV	Agua+5NaCl	phot_tanque	27200	27200	0.000000
25meV	Agua+5NaCl	Rayl_tanque	13793	13791	-0.000145
25meV	Agua+5NaCl	conv_tanque	2110	2110	0.000000
25meV	Agua+5NaCl	Transportation_tanque	84996	62947	-0.259412
25meV	Agua+5NaCl	compt_tanque_estricto	327185	327165	-0.000061
25meV	Agua+5NaCl	phot_tanque_estricto	27198	27198	0.000000
25meV	Agua+5NaCl	Rayl_tanque_estricto	13793	13791	-0.000145
25meV	Agua+5NaCl	Transportation_tanque_estricto	39671	17630	-0.555595
25meV	Agua+5NaCl	fraccion_compton_fisicas	0.8836098419796291	0.8836083281574897	-0.000002
25meV	Agua+5NaCl	pares_%_tesis	0.4679988492191601	0.49183884488266033	0.050940
25meV	Agua+5NaCl	f_Compton_tesis	0.7186428692216636	0.7552045828024889	0.050876
25meV	Agua+5NaCl	fotones_absorbidos_tanque	29310	29310	0.000000
25meV	Agua+5NaCl	fotones_que_escapan	60161	60161	0.000000
25meV	Agua+5NaCl	fotoabs_tesis_N	20010	20534	0.026187
25meV	Agua+5NaCl	fotoabs_tesis_media	0.050288706508384524	0.050378509621841795	0.001786
25meV	Agua+5NaCl	fotoabs_tesis_sigma	0.015945896819790632	0.01599947434177061	0.003360
25meV	Agua+5NaCl	FWHM_Compton	0.0648	0.0648	0.000000
25meV	Agua+5NaCl	Cmax_Compton	7217	7217	0.000000
25meV	Agua+5NaCl	z_fotoabs_media	1109.9460043933816	1109.9460043933816	0.000000
25meV	Agua+5NaCl	r_fotoabs_media	240.7758371297167	240.7758371297167	0.000000
25meV	Agua+10NaCl	pasos_tanque	580536	551273	-0.050407
25meV	Agua+10NaCl	pasos_exterior	145208	174471	0.201525
25meV	Agua+10NaCl	pasos_tanque_estricto	518893	489635	-0.056385
25meV	Agua+10NaCl	compt_tanque	409540	409516	-0.000059
25meV	Agua+10NaCl	phot_tanque	37481	37480	-0.000027
25meV	Agua+10NaCl	Rayl_tanque	16449	16449	0.000000
25meV	Agua+10NaCl	conv_tanque	3097	3097	0.000000
25meV	Agua+10NaCl	Transportation_tanque	113969	84731	-0.256543
25meV	Agua+10NaCl	compt_tanque_estricto	409492	409468	-0.000059
25meV	Agua+10NaCl	phot_tanque_estricto	37478	37477	-0.000027
25meV	Agua+10NaCl	Rayl_tanque_estricto	16445	16445	0.000000
25meV	Agua+10NaCl	Transportation_tanque_estricto	52381	23148	-0.558084
25meV	Agua+10NaCl	fraccion_compton_fisicas	0.8777731815580613	0.8777687753728496	-0.000005
25meV	Agua+10NaCl	pares_%_tesis	0.5372621163889922	0.5657813823640918	0.053083
25meV	Agua+10NaCl	f_Compton_tesis	0.7054515137734783	0.742855173389591	0.053021
25meV	Agua+10NaCl	fotones_absorbidos_tanque	40578	40577	-0.000025
25meV	Agua+10NaCl	fotones_que_escapan	81211	81211	0.000000
25meV	Agua+10NaCl	fotoabs_tesis_N	27303	28031	0.026664
25meV	Agua+10NaCl	fotoabs_tesis_media	0.053455126813958295	0.05353251665090266	0.001448
25meV	Agua+10NaCl	fotoabs_tesis_sigma	0.016420208581709644	0.016464418221125376	0.002692
25meV	Agua+10NaCl	FWHM_Compton	0.0675	0.0675	0.000000
25meV	Agua+10NaCl	Cmax_Compton	8529	8529	0.000000
25meV	Agua+10NaCl	z_fotoabs_media	1115.3123694703993	1115.306664090716	-0.000005
25meV	Agua+10NaCl	r_fotoabs_media	239.88065362425957	239.87309134281836	-0.000032
50meV	Agua-pura	pasos_tanque	203746	194770	-0.044055
50meV	Agua-pura	pasos_exterior	43804	52780	0.204913
50meV	Agua-pura	pasos_tanque_estricto	185238	176267	-0.048430
50meV	Agua-pura	compt_tanque	151752	151744	-0.000053
50meV	Agua-pura	phot_tanque	10031	10031	0.000000
50meV	Agua-pura	Rayl_tanque	6396	6396	0.000000
50meV	Agua-pura	conv_tanque	247	247	0.000000
50meV	Agua-pura	Transportation_tanque	35320	26352	-0.253907
50meV	Agua-pura	compt_tanque_estricto	151733	151725	-0.000053
50meV	Agua-pura	phot_tanque_estricto	10028	10028	0.000000
50meV	Agua-pura	Rayl_tanque_estricto	6396	6396	0.000000
50meV	Agua-pura	Transportation_tanque_estricto	16834	7871	-0.532434
50meV	Agua-pura	fraccion_compton_fisicas	0.9010010330946528	0.9009963305584914	-0.000005
50meV	Agua-pura	pares_%_tesis	0.12172018100968854	0.1273296708938748	0.046085
50meV	Agua-pura	f_Compton_tesis	0.744809714055736	0.7790932895209735	0.046030
50meV	Agua-pura	fotones_absorbidos_tanque	10278	10278	0.000000
50meV	Agua-pura	fotones_que_escapan	24549	24549	0.000000
50meV	Agua-pura	fotoabs_tesis_N	7917	8036	0.015031
50meV	Agua-pura	fotoabs_tesis_media	0.04673414338973724	0.04686184971264368	0.002733
50meV	Agua-pura	fotoabs_tesis_sigma	0.015154385762782486	0.015274761525590336	0.007943
50meV	Agua-pura	FWHM_Compton	0.0567	0.0567	0.000000
50meV	Agua-pura	Cmax_Compton	3564	3564	0.000000
50meV	Agua-pura	z_fotoabs_media	1102.7172722161351	1102.7172722161351	0.000000
50meV	Agua-pura	r_fotoabs_media	236.73479723089926	236.73479723089926	0.000000
50meV	Agua+2.5NaCl	pasos_tanque	379151	360951	-0.048002
50meV	Agua+2.5NaCl	pasos_exterior	85030	103230	0.214042
50meV	Agua+2.5NaCl	pasos_tanque_estricto	343483	325286	-0.052978
50meV	Agua+2.5NaCl	compt_tanque	276625	276606	-0.000069
50meV	Agua+2.5NaCl	phot_tanque	20883	20883	0.000000
50meV	Agua+2.5NaCl	Rayl_tanque	11621	11619	-0.000172
50meV	Agua+2.5NaCl	conv_tanque	1444	1444	0.000000
50meV	Agua+2.5NaCl	Transportation_tanque	68578	50399	-0.265085
50meV	Agua+2.5NaCl	compt_tanque_estricto	276588	276569	-0.000069
50meV	Agua+2.5NaCl	phot_tanque_estricto	20882	20882	0.000000
50meV	Agua+2.5NaCl	Rayl_tanque_estricto	11620	11618	-0.000172
50meV	Agua+2.5NaCl	Transportation_tanque_estricto	32950	14774	-0.551624
50meV	Agua+2.5NaCl	fraccion_compton_fisicas	0.890692365402015	0.8906914139982998	-0.000001
50meV	Agua+2.5NaCl	pares_%_tesis	0.3829608783835464	0.4022706683178603	0.050422
50meV	Agua+2.5NaCl	f_Compton_tesis	0.7295905852813259	0.7663256231455239	0.050350
50meV	Agua+2.5NaCl	fotones_absorbidos_tanque	22327	22327	0.000000
50meV	Agua+2.5NaCl	fotones_que_escapan	47852	47852	0.000000
50meV	Agua+2.5NaCl	fotoabs_tesis_N	15809	16159	0.022139
50meV	Agua+2.5NaCl	fotoabs_tesis_media	0.048912845963550694	0.04899336553317699	0.001646
50meV	Agua+2.5NaCl	fotoabs_tesis_sigma	0.015925038720683717	0.015982016095454372	0.003578
50meV	Agua+2.5NaCl	FWHM_Compton	0.0594	0.0594	0.000000
50meV	Agua+2.5NaCl	Cmax_Compton	6322	6322	0.000000
50meV	Agua+2.5NaCl	z_fotoabs_media	1108.399135832973	1108.399135832973	0.000000
50meV	Agua+2.5NaCl	r_fotoabs_media	240.65425438903424	240.65425438903424	0.000000
50meV	Agua+5NaCl	pasos_tanque	493154	469554	-0.047855
50meV	Agua+5NaCl	pasos_exterior	114316	137916	0.206445
50meV	Agua+5NaCl	pasos_tanque_estricto	444890	421295	-0.053036
50meV	Agua+5NaCl	compt_tanque	355539	355517	-0.000062
50meV	Agua+5NaCl	phot_tanque	29504	29504	0.000000
50meV	Agua+5NaCl	Rayl_tanque	14711	14711	0.000000
50meV	Agua+5NaCl	conv_tanque	2186	2186	0.000000
50meV	Agua+5NaCl	Transportation_tanque	91214	67636	-0.258491
50meV	Agua+5NaCl	compt_tanque_estricto	355488	355466	-0.000062
50meV	Agua+5NaCl	phot_tanque_estricto	29497	29497	0.000000
50meV	Agua+5NaCl	Rayl_tanque_estricto	14710	14710	0.000000
50meV	Agua+5NaCl	Transportation_tanque_estricto	43011	19438	-0.548069
50meV	Agua+5NaCl	fraccion_compton_fisicas	0.8845573966263621	0.8845510775829896	-0.000007
50meV	Agua+5NaCl	pares_%_tesis	0.4465136651025846	0.46895564727379596	0.050260
50meV	Agua+5NaCl	f_Compton_tesis	0.7209492369523516	0.7571376242136155	0.050195
50meV	Agua+5NaCl	fotones_absorbidos_tanque	31690	31690	0.000000
50meV	Agua+5NaCl	fotones_que_escapan	64105	64105	0.000000
50meV	Agua+5NaCl	fotoabs_tesis_N	21785	22317	0.024420
50meV	Agua+5NaCl	fotoabs_tesis_media	0.050349528454499234	0.05044124010219052	0.001821
50meV	Agua+5NaCl	fotoabs_tesis_sigma	0.015892651558077713	0.015963106268186804	0.004433
50meV	Agua+5NaCl	FWHM_Compton	0.0621	0.0621	0.000000
50meV	Agua+5NaCl	Cmax_Compton	7964	7964	0.000000
50meV	Agua+5NaCl	z_fotoabs_media	1111.6029772898708	1111.6029772898708	0.000000
50meV	Agua+5NaCl	r_fotoabs_media	239.39274269131667	239.39274269131667	0.000000
50meV	Agua+10NaCl	pasos_tanque	629014	597384	-0.050285
50meV	Agua+10NaCl	pasos_exterior	154875	186505	0.204229
50meV	Agua+10NaCl	pasos_tanque_estricto	563526	531897	-0.056127
50meV	Agua+10NaCl	compt_tanque	444736	444703	-0.000074
50meV	Agua+10NaCl	phot_tanque	40616	40613	-0.000074
50meV	Agua+10NaCl	Rayl_tanque	17971	17970	-0.000056
50meV	Agua+10NaCl	conv_tanque	3390	3390	0.000000
50meV	Agua+10NaCl	Transportation_tanque	122300	90707	-0.258324
50meV	Agua+10NaCl	compt_tanque_estricto	444663	444630	-0.000074
50meV	Agua+10NaCl	phot_tanque_estricto	40613	40610	-0.000074
50meV	Agua+10NaCl	Rayl_tanque_estricto	17969	17968	-0.000056
50meV	Agua+10NaCl	Transportation_tanque_estricto	56890	25298	-0.555317
50meV	Agua+10NaCl	fraccion_compton_fisicas	0.8776881587802168	0.877687121553024	-0.000001
50meV	Agua+10NaCl	pares_%_tesis	0.5438670681415676	0.572663479437012	0.052948
50meV	Agua+10NaCl	f_Compton_tesis	0.7070367273224444	0.7444173262089376	0.052869
50meV	Agua+10NaCl	fotones_absorbidos_tanque	44006	44003	-0.000068
50meV	Agua+10NaCl	fotones_que_escapan	86723	86723	0.000000
50meV	Agua+10NaCl	fotoabs_tesis_N	29547	30333	0.026602
50meV	Agua+10NaCl	fotoabs_tesis_media	0.05330777176470588	0.05339477773228705	0.001632
50meV	Agua+10NaCl	fotoabs_tesis_sigma	0.016187462143738465	0.016248222489960187	0.003754
50meV	Agua+10NaCl	FWHM_Compton	0.0675	0.0675	0.000000
50meV	Agua+10NaCl	Cmax_Compton	9302	9302	0.000000
50meV	Agua+10NaCl	z_fotoabs_media	1117.3702559346143	1117.3909168748994	0.000018
50meV	Agua+10NaCl	r_fotoabs_media	239.63407900718863	239.6157318847077	-0.000077
80meV	Agua-pura	pasos_tanque	214772	205020	-0.045406
80meV	Agua-pura	pasos_exterior	45331	55083	0.215129
80meV	Agua-pura	pasos_tanque_estricto	195818	186066	-0.049801
80meV	Agua-pura	compt_tanque	159952	159939	-0.000081
80meV	Agua-pura	phot_tanque	10616	10616	0.000000
80meV	Agua-pura	Rayl_tanque	6873	6872	-0.000145
80meV	Agua-pura	conv_tanque	255	255	0.000000
80meV	Agua-pura	Transportation_tanque	37076	27338	-0.262650
80meV	Agua-pura	compt_tanque_estricto	159938	159925	-0.000081
80meV	Agua-pura	phot_tanque_estricto	10616	10616	0.000000
80meV	Agua-pura	Rayl_tanque_estricto	6873	6872	-0.000145
80meV	Agua-pura	Transportation_tanque_estricto	18136	8398	-0.536943
80meV	Agua-pura	fraccion_compton_fisicas	0.9001440662704844	0.9001418264089779	-0.000002
80meV	Agua-pura	pares_%_tesis	0.11873056078073492	0.12437810945273632	0.047566
80meV	Agua-pura	f_Compton_tesis	0.7447525748235337	0.7801141352063213	0.047481
80meV	Agua-pura	fotones_absorbidos_tanque	10871	10871	0.000000
80meV	Agua-pura	fotones_que_escapan	25487	25487	0.000000
80meV	Agua-pura	fotoabs_tesis_N	8387	8520	0.015858
80meV	Agua-pura	fotoabs_tesis_media	0.04679905289705122	0.04685553460546674	0.001207
80meV	Agua-pura	fotoabs_tesis_sigma	0.01528760885579837	0.015333748933618484	0.003018
80meV	Agua-pura	FWHM_Compton	0.054000000000000006	0.054000000000000006	0.000000
80meV	Agua-pura	Cmax_Compton	3852	3852	0.000000
80meV	Agua-pura	z_fotoabs_media	1101.4682884042988	1101.4682884042988	0.000000
80meV	Agua-pura	r_fotoabs_media	239.89329052750983	239.89329052750983	0.000000
80meV	Agua+2.5NaCl	pasos_tanque	398337	379336	-0.047701
80meV	Agua+2.5NaCl	pasos_exterior	89408	108409	0.212520
80meV	Agua+2.5NaCl	pasos_tanque_estricto	360790	341790	-0.052662
80meV	Agua+2.5NaCl	compt_tanque	289986	289962	-0.000083
80meV	Agua+2.5NaCl	phot_tanque	22320	22320	0.000000
80meV	Agua+2.5NaCl	Rayl_tanque	12242	12242	0.000000
80meV	Agua+2.5NaCl	conv_tanque	1513	1513	0.000000
80meV	Agua+2.5NaCl	Transportation_tanque	72276	53299	-0.262563
80meV	Agua+2.5NaCl	compt_tanque_estricto	289948	289924	-0.000083
80meV	Agua+2.5NaCl	phot_tanque_estricto	22318	22318	0.000000
80meV	Agua+2.5NaCl	Rayl_tanque_estricto	12242	12242	0.000000
80meV	Agua+2.5NaCl	Transportation_tanque_estricto	34769	15793	-0.545774
80meV	Agua+2.5NaCl	fraccion_compton_fisicas	0.8893611931509748	0.8893530488870895	-0.000009
80meV	Agua+2.5NaCl	pares_%_tesis	0.38459897021868417	0.40386359322605814	0.050090
80meV	Agua+2.5NaCl	f_Compton_tesis	0.7279916251816929	0.7643935719256807	0.050003
80meV	Agua+2.5NaCl	fotones_absorbidos_tanque	23833	23833	0.000000
80meV	Agua+2.5NaCl	fotones_que_escapan	50251	50251	0.000000
80meV	Agua+2.5NaCl	fotoabs_tesis_N	16748	17145	0.023704
80meV	Agua+2.5NaCl	fotoabs_tesis_media	0.04898806537350663	0.04908062537371891	0.001889
80meV	Agua+2.5NaCl	fotoabs_tesis_sigma	0.016079921348291337	0.01614154892491168	0.003833
80meV	Agua+2.5NaCl	FWHM_Compton	0.0594	0.0594	0.000000
80meV	Agua+2.5NaCl	Cmax_Compton	6629	6629	0.000000
80meV	Agua+2.5NaCl	z_fotoabs_media	1108.7490059498223	1108.7490059498223	0.000000
80meV	Agua+2.5NaCl	r_fotoabs_media	239.04139025548793	239.04139025548793	0.000000
80meV	Agua+5NaCl	pasos_tanque	508124	483434	-0.048591
80meV	Agua+5NaCl	pasos_exterior	117200	141890	0.210666
80meV	Agua+5NaCl	pasos_tanque_estricto	458869	434185	-0.053793
80meV	Agua+5NaCl	compt_tanque	366315	366288	-0.000074
80meV	Agua+5NaCl	phot_tanque	30192	30190	-0.000066
80meV	Agua+5NaCl	Rayl_tanque	15264	15263	-0.000066
80meV	Agua+5NaCl	conv_tanque	2306	2306	0.000000
80meV	Agua+5NaCl	Transportation_tanque	94037	69377	-0.262237
80meV	Agua+5NaCl	compt_tanque_estricto	366268	366241	-0.000074
80meV	Agua+5NaCl	phot_tanque_estricto	30187	30185	-0.000066
80meV	Agua+5NaCl	Rayl_tanque_estricto	15263	15262	-0.000066
80meV	Agua+5NaCl	Transportation_tanque_estricto	44835	20181	-0.549883
80meV	Agua+5NaCl	fraccion_compton_fisicas	0.8846543034266574	0.8846531915458873	-0.000001
80meV	Agua+5NaCl	pares_%_tesis	0.45795908085427967	0.4813480226876885	0.051072
80meV	Agua+5NaCl	f_Compton_tesis	0.7209165479292456	0.7576794350418051	0.050995
80meV	Agua+5NaCl	fotones_absorbidos_tanque	32498	32496	-0.000062
80meV	Agua+5NaCl	fotones_que_escapan	65868	65868	0.000000
80meV	Agua+5NaCl	fotoabs_tesis_N	22391	22969	0.025814
80meV	Agua+5NaCl	fotoabs_tesis_media	0.05039909420275542	0.05048710688875786	0.001746
80meV	Agua+5NaCl	fotoabs_tesis_sigma	0.015957669127584312	0.016013968393278184	0.003528
80meV	Agua+5NaCl	FWHM_Compton	0.0621	0.0621	0.000000
80meV	Agua+5NaCl	Cmax_Compton	8241	8241	0.000000
80meV	Agua+5NaCl	z_fotoabs_media	1109.8819390798817	1109.8855195329509	0.000003
80meV	Agua+5NaCl	r_fotoabs_media	240.6662990544816	240.6502901730247	-0.000067
80meV	Agua+10NaCl	pasos_tanque	655524	622775	-0.049959
80meV	Agua+10NaCl	pasos_exterior	158835	191584	0.206183
80meV	Agua+10NaCl	pasos_tanque_estricto	588414	555673	-0.055643
80meV	Agua+10NaCl	compt_tanque	464581	464554	-0.000058
80meV	Agua+10NaCl	phot_tanque	42609	42606	-0.000070
80meV	Agua+10NaCl	Rayl_tanque	18914	18914	0.000000
80meV	Agua+10NaCl	conv_tanque	3566	3566	0.000000
80meV	Agua+10NaCl	Transportation_tanque	125832	93113	-0.260021
80meV	Agua+10NaCl	compt_tanque_estricto	464514	464487	-0.000058
80meV	Agua+10NaCl	phot_tanque_estricto	42607	42604	-0.000070
80meV	Agua+10NaCl	Rayl_tanque_estricto	18914	18914	0.000000
80meV	Agua+10NaCl	Transportation_tanque_estricto	58791	26080	-0.556395
80meV	Agua+10NaCl	fraccion_compton_fisicas	0.8771140521456756	0.8771127558341515	-0.000001
80meV	Agua+10NaCl	pares_%_tesis	0.5494840768606489	0.5783790293444663	0.052586
80meV	Agua+10NaCl	f_Compton_tesis	0.7087169958689536	0.74594195335394	0.052524
80meV	Agua+10NaCl	fotones_absorbidos_tanque	46175	46172	-0.000065
80meV	Agua+10NaCl	fotones_que_escapan	88984	88984	0.000000
80meV	Agua+10NaCl	fotoabs_tesis_N	31035	31926	0.028710
80meV	Agua+10NaCl	fotoabs_tesis_media	0.05319286440942029	0.05330635622636072	0.002134
80meV	Agua+10NaCl	fotoabs_tesis_sigma	0.01623544171185979	0.016310626252396238	0.004631
80meV	Agua+10NaCl	FWHM_Compton	0.0675	0.0675	0.000000
80meV	Agua+10NaCl	Cmax_Compton	9863	9863	0.000000
80meV	Agua+10NaCl	z_fotoabs_media	1116.6079133861456	1116.5998662505344	-0.000007
80meV	Agua+10NaCl	r_fotoabs_media	240.1868673529205	240.16109608870335	-0.000107
100meV	Agua-pura	pasos_tanque	216088	206413	-0.044773
100meV	Agua-pura	pasos_exterior	46326	56001	0.208846
100meV	Agua-pura	pasos_tanque_estricto	196616	186943	-0.049197
100meV	Agua-pura	compt_tanque	160865	160855	-0.000062
100meV	Agua-pura	phot_tanque	10756	10756	0.000000
100meV	Agua-pura	Rayl_tanque	6709	6709	0.000000
100meV	Agua-pura	conv_tanque	286	286	0.000000
100meV	Agua-pura	Transportation_tanque	37472	27807	-0.257926
100meV	Agua-pura	compt_tanque_estricto	160846	160836	-0.000062
100meV	Agua-pura	phot_tanque_estricto	10755	10755	0.000000
100meV	Agua-pura	Rayl_tanque_estricto	6709	6709	0.000000
100meV	Agua-pura	Transportation_tanque_estricto	18020	8357	-0.536238
100meV	Agua-pura	fraccion_compton_fisicas	0.9006192054463206	0.9006136411990638	-0.000006
100meV	Agua-pura	pares_%_tesis	0.13235348561697086	0.13855716451967656	0.046872
100meV	Agua-pura	f_Compton_tesis	0.7444420791529377	0.779287157301139	0.046807
100meV	Agua-pura	fotones_absorbidos_tanque	11042	11042	0.000000
100meV	Agua-pura	fotones_que_escapan	26013	26013	0.000000
100meV	Agua-pura	fotoabs_tesis_N	8464	8609	0.017131
100meV	Agua-pura	fotoabs_tesis_media	0.04709163551666452	0.04717089492957746	0.001683
100meV	Agua-pura	fotoabs_tesis_sigma	0.015597961104751562	0.015642368026403872	0.002847
100meV	Agua-pura	FWHM_Compton	0.054000000000000006	0.054000000000000006	0.000000
100meV	Agua-pura	Cmax_Compton	3825	3824	-0.000261
100meV	Agua-pura	z_fotoabs_media	1106.6043222759386	1106.6043222759386	0.000000
100meV	Agua-pura	r_fotoabs_media	236.9513398321458	236.9513398321458	0.000000
100meV	Agua+2.5NaCl	pasos_tanque	409145	389638	-0.047677
100meV	Agua+2.5NaCl	pasos_exterior	91551	111058	0.213072
100meV	Agua+2.5NaCl	pasos_tanque_estricto	370722	351219	-0.052608
100meV	Agua+2.5NaCl	compt_tanque	298487	298463	-0.000080
100meV	Agua+2.5NaCl	phot_tanque	22786	22785	-0.000044
100meV	Agua+2.5NaCl	Rayl_tanque	12476	12476	0.000000
100meV	Agua+2.5NaCl	conv_tanque	1592	1592	0.000000
100meV	Agua+2.5NaCl	Transportation_tanque	73804	54322	-0.263969
100meV	Agua+2.5NaCl	compt_tanque_estricto	298448	298424	-0.000080
100meV	Agua+2.5NaCl	phot_tanque_estricto	22784	22783	-0.000044
100meV	Agua+2.5NaCl	Rayl_tanque_estricto	12476	12476	0.000000
100meV	Agua+2.5NaCl	Transportation_tanque_estricto	35422	15944	-0.549884
100meV	Agua+2.5NaCl	fraccion_compton_fisicas	0.8900999281328558	0.8900947166255114	-0.000006
100meV	Agua+2.5NaCl	pares_%_tesis	0.39203705287856383	0.4116641600665233	0.050064
100meV	Agua+2.5NaCl	f_Compton_tesis	0.7295384276967823	0.7660007494135582	0.049980
100meV	Agua+2.5NaCl	fotones_absorbidos_tanque	24378	24377	-0.000041
100meV	Agua+2.5NaCl	fotones_que_escapan	51522	51522	0.000000
100meV	Agua+2.5NaCl	fotoabs_tesis_N	17275	17688	0.023907
100meV	Agua+2.5NaCl	fotoabs_tesis_media	0.048751296564229815	0.04884269027540361	0.001875
100meV	Agua+2.5NaCl	fotoabs_tesis_sigma	0.015863057199128526	0.01593059313866648	0.004257
100meV	Agua+2.5NaCl	FWHM_Compton	0.0594	0.0594	0.000000
100meV	Agua+2.5NaCl	Cmax_Compton	6743	6743	0.000000
100meV	Agua+2.5NaCl	z_fotoabs_media	1109.3059055283945	1109.302149807768	-0.000003
100meV	Agua+2.5NaCl	r_fotoabs_media	241.26063657004642	241.2500843996843	-0.000044
100meV	Agua+5NaCl	pasos_tanque	517145	492181	-0.048273
100meV	Agua+5NaCl	pasos_exterior	119042	144006	0.209707
100meV	Agua+5NaCl	pasos_tanque_estricto	467043	442085	-0.053438
100meV	Agua+5NaCl	compt_tanque	372939	372919	-0.000054
100meV	Agua+5NaCl	phot_tanque	30846	30844	-0.000065
100meV	Agua+5NaCl	Rayl_tanque	15515	15514	-0.000064
100meV	Agua+5NaCl	conv_tanque	2371	2371	0.000000
100meV	Agua+5NaCl	Transportation_tanque	95462	70521	-0.261266
100meV	Agua+5NaCl	compt_tanque_estricto	372898	372878	-0.000054
100meV	Agua+5NaCl	phot_tanque_estricto	30844	30842	-0.000065
100meV	Agua+5NaCl	Rayl_tanque_estricto	15515	15514	-0.000064
100meV	Agua+5NaCl	Transportation_tanque_estricto	45403	20468	-0.549193
100meV	Agua+5NaCl	fraccion_compton_fisicas	0.8844312271889696	0.8844320380981292	0.000001
100meV	Agua+5NaCl	pares_%_tesis	0.462539519863868	0.4860000690802774	0.050721
100meV	Agua+5NaCl	f_Compton_tesis	0.7211497742412669	0.7576867046879096	0.050665
100meV	Agua+5NaCl	fotones_absorbidos_tanque	33217	33215	-0.000060
100meV	Agua+5NaCl	fotones_que_escapan	66750	66750	0.000000
100meV	Agua+5NaCl	fotoabs_tesis_N	22828	23365	0.023524
100meV	Agua+5NaCl	fotoabs_tesis_media	0.050508990154337415	0.050572779518072285	0.001263
100meV	Agua+5NaCl	fotoabs_tesis_sigma	0.01600616080498008	0.0160423987173894	0.002264
100meV	Agua+5NaCl	FWHM_Compton	0.0648	0.0648	0.000000
100meV	Agua+5NaCl	Cmax_Compton	8272	8272	0.000000
100meV	Agua+5NaCl	z_fotoabs_media	1113.8132369545467	1113.8104314323675	-0.000003
100meV	Agua+5NaCl	r_fotoabs_media	240.33954964031096	240.3216635102155	-0.000074
100meV	Agua+10NaCl	pasos_tanque	664137	630953	-0.049966
100meV	Agua+10NaCl	pasos_exterior	160874	194058	0.206273
100meV	Agua+10NaCl	pasos_tanque_estricto	596203	563023	-0.055652
100meV	Agua+10NaCl	compt_tanque	470694	470667	-0.000057
100meV	Agua+10NaCl	phot_tanque	42968	42968	0.000000
100meV	Agua+10NaCl	Rayl_tanque	18882	18881	-0.000053
100meV	Agua+10NaCl	conv_tanque	3549	3549	0.000000
100meV	Agua+10NaCl	Transportation_tanque	128020	94864	-0.258991
100meV	Agua+10NaCl	compt_tanque_estricto	470626	470599	-0.000057
100meV	Agua+10NaCl	phot_tanque_estricto	42964	42964	0.000000
100meV	Agua+10NaCl	Rayl_tanque_estricto	18881	18880	-0.000053
100meV	Agua+10NaCl	Transportation_tanque_estricto	60159	27007	-0.551073
100meV	Agua+10NaCl	fraccion_compton_fisicas	0.8780081068023645	0.878003600309664	-0.000005
100meV	Agua+10NaCl	pares_%_tesis	0.5396476931717402	0.5680296313671541	0.052593
100meV	Agua+10NaCl	f_Compton_tesis	0.7087302770362139	0.7459620605655255	0.052533
100meV	Agua+10NaCl	fotones_absorbidos_tanque	46517	46517	0.000000
100meV	Agua+10NaCl	fotones_que_escapan	90174	90174	0.000000
100meV	Agua+10NaCl	fotoabs_tesis_N	31405	32155	0.023882
100meV	Agua+10NaCl	fotoabs_tesis_media	0.05322058965121698	0.05327672207778294	0.001055
100meV	Agua+10NaCl	fotoabs_tesis_sigma	0.016333503939730497	0.01636269555162288	0.001787
100meV	Agua+10NaCl	FWHM_Compton	0.0675	0.0675	0.000000
100meV	Agua+10NaCl	Cmax_Compton	9861	9861	0.000000
100meV	Agua+10NaCl	z_fotoabs_media	1115.7710440620915	1115.7710440620915	0.000000
100meV	Agua+10NaCl	r_fotoabs_media	239.15238030600068	239.15238030600068	0.000000
300meV	Agua-pura	pasos_tanque	230278	220181	-0.043847
300meV	Agua-pura	pasos_exterior	48546	58643	0.207988
300meV	Agua-pura	pasos_tanque_estricto	209834	199740	-0.048105
300meV	Agua-pura	compt_tanque	171606	171597	-0.000052
300meV	Agua-pura	phot_tanque	11371	11370	-0.000088
300meV	Agua-pura	Rayl_tanque	7412	7412	0.000000
300meV	Agua-pura	conv_tanque	330	330	0.000000
300meV	Agua-pura	Transportation_tanque	39559	29472	-0.254986
300meV	Agua-pura	compt_tanque_estricto	171588	171579	-0.000052
300meV	Agua-pura	phot_tanque_estricto	11371	11370	-0.000088
300meV	Agua-pura	Rayl_tanque_estricto	7411	7411	0.000000
300meV	Agua-pura	Transportation_tanque_estricto	19134	9050	-0.527020
300meV	Agua-pura	fraccion_compton_fisicas	0.899784499708996	0.899784488409042	-0.000000
300meV	Agua-pura	pares_%_tesis	0.14547633729665882	0.15214755133276714	0.045858
300meV	Agua-pura	f_Compton_tesis	0.7452123086009085	0.7793451751059356	0.045803
300meV	Agua-pura	fotones_absorbidos_tanque	11701	11700	-0.000085
300meV	Agua-pura	fotones_que_escapan	27214	27214	0.000000
300meV	Agua-pura	fotoabs_tesis_N	8946	9069	0.013749
300meV	Agua-pura	fotoabs_tesis_media	0.04694100318038359	0.04700835490931077	0.001435
300meV	Agua-pura	fotoabs_tesis_sigma	0.01561499071313823	0.01565898772553842	0.002818
300meV	Agua-pura	FWHM_Compton	0.0567	0.0567	0.000000
300meV	Agua-pura	Cmax_Compton	4092	4091	-0.000244
300meV	Agua-pura	z_fotoabs_media	1103.50410707063	1103.4921434916562	-0.000011
300meV	Agua-pura	r_fotoabs_media	239.62975069906997	239.59777306445613	-0.000133
300meV	Agua+2.5NaCl	pasos_tanque	432876	412400	-0.047302
300meV	Agua+2.5NaCl	pasos_exterior	95281	115757	0.214901
300meV	Agua+2.5NaCl	pasos_tanque_estricto	392919	372448	-0.052100
300meV	Agua+2.5NaCl	compt_tanque	316390	316370	-0.000063
300meV	Agua+2.5NaCl	phot_tanque	24202	24202	0.000000
300meV	Agua+2.5NaCl	Rayl_tanque	13314	13314	0.000000
300meV	Agua+2.5NaCl	conv_tanque	1603	1603	0.000000
300meV	Agua+2.5NaCl	Transportation_tanque	77367	56911	-0.264402
300meV	Agua+2.5NaCl	compt_tanque_estricto	316361	316341	-0.000063
300meV	Agua+2.5NaCl	phot_tanque_estricto	24200	24200	0.000000
300meV	Agua+2.5NaCl	Rayl_tanque_estricto	13313	13313	0.000000
300meV	Agua+2.5NaCl	Transportation_tanque_estricto	37443	16992	-0.546190
300meV	Agua+2.5NaCl	fraccion_compton_fisicas	0.8899634045832876	0.8899572138659705	-0.000007
300meV	Agua+2.5NaCl	pares_%_tesis	0.37539618736081465	0.3940349175557711	0.049651
300meV	Agua+2.5NaCl	f_Compton_tesis	0.7309021521174656	0.7671435499515034	0.049584
300meV	Agua+2.5NaCl	fotones_absorbidos_tanque	25805	25805	0.000000
300meV	Agua+2.5NaCl	fotones_que_escapan	53624	53624	0.000000
300meV	Agua+2.5NaCl	fotoabs_tesis_N	18332	18722	0.021274
300meV	Agua+2.5NaCl	fotoabs_tesis_media	0.04882776079885195	0.048901510734059656	0.001510
300meV	Agua+2.5NaCl	fotoabs_tesis_sigma	0.01590814586744129	0.01595667759725033	0.003051
300meV	Agua+2.5NaCl	FWHM_Compton	0.0594	0.0594	0.000000
300meV	Agua+2.5NaCl	Cmax_Compton	7263	7262	-0.000138
300meV	Agua+2.5NaCl	z_fotoabs_media	1109.7558334187263	1109.7558334187263	0.000000
300meV	Agua+2.5NaCl	r_fotoabs_media	240.2614893375293	240.2614893375293	0.000000
300meV	Agua+5NaCl	pasos_tanque	544591	518180	-0.048497
300meV	Agua+5NaCl	pasos_exterior	122985	149396	0.214750
300meV	Agua+5NaCl	pasos_tanque_estricto	493049	466641	-0.053561
300meV	Agua+5NaCl	compt_tanque	394016	393994	-0.000056
300meV	Agua+5NaCl	phot_tanque	32426	32425	-0.000031
300meV	Agua+5NaCl	Rayl_tanque	16287	16287	0.000000
300meV	Agua+5NaCl	conv_tanque	2440	2438	-0.000820
300meV	Agua+5NaCl	Transportation_tanque	99421	73035	-0.265397
300meV	Agua+5NaCl	compt_tanque_estricto	393964	393942	-0.000056
300meV	Agua+5NaCl	phot_tanque_estricto	32424	32423	-0.000031
300meV	Agua+5NaCl	Rayl_tanque_estricto	16285	16285	0.000000
300meV	Agua+5NaCl	Transportation_tanque_estricto	47935	21552	-0.550391
300meV	Agua+5NaCl	fraccion_compton_fisicas	0.8850930770112024	0.8850933630465647	0.000000
300meV	Agua+5NaCl	pares_%_tesis	0.4531841326793869	0.4762823729206067	0.050969
300meV	Agua+5NaCl	f_Compton_tesis	0.7235081005745596	0.7603419661121618	0.050910
300meV	Agua+5NaCl	fotones_absorbidos_tanque	34866	34863	-0.000086
300meV	Agua+5NaCl	fotones_que_escapan	69261	69261	0.000000
300meV	Agua+5NaCl	fotoabs_tesis_N	24224	24774	0.022705
300meV	Agua+5NaCl	fotoabs_tesis_media	0.050534040706752506	0.05061154273049646	0.001534
300meV	Agua+5NaCl	fotoabs_tesis_sigma	0.01608817513136499	0.016132559460158246	0.002759
300meV	Agua+5NaCl	FWHM_Compton	0.0648	0.0648	0.000000
300meV	Agua+5NaCl	Cmax_Compton	8741	8741	0.000000
300meV	Agua+5NaCl	z_fotoabs_media	1110.9007106560764	1110.9061656355877	0.000005
300meV	Agua+5NaCl	r_fotoabs_media	240.68135986918264	240.67397771950363	-0.000031
300meV	Agua+10NaCl	pasos_tanque	691365	656545	-0.050364
300meV	Agua+10NaCl	pasos_exterior	165400	200220	0.210520
300meV	Agua+10NaCl	pasos_tanque_estricto	621770	586953	-0.055997
300meV	Agua+10NaCl	compt_tanque	490766	490734	-0.000065
300meV	Agua+10NaCl	phot_tanque	44768	44767	-0.000022
300meV	Agua+10NaCl	Rayl_tanque	19917	19917	0.000000
300meV	Agua+10NaCl	conv_tanque	3615	3614	-0.000277
300meV	Agua+10NaCl	Transportation_tanque	132299	97513	-0.262935
300meV	Agua+10NaCl	compt_tanque_estricto	490699	490667	-0.000065
300meV	Agua+10NaCl	phot_tanque_estricto	44765	44764	-0.000022
300meV	Agua+10NaCl	Rayl_tanque_estricto	19916	19916	0.000000
300meV	Agua+10NaCl	Transportation_tanque_estricto	62777	27994	-0.554072
300meV	Agua+10NaCl	fraccion_compton_fisicas	0.877831955439966	0.8778281028635212	-0.000004
300meV	Agua+10NaCl	pares_%_tesis	0.5277964606249955	0.5557882551843362	0.053035
300meV	Agua+10NaCl	f_Compton_tesis	0.7098508023981543	0.7474491466693067	0.052967
300meV	Agua+10NaCl	fotones_absorbidos_tanque	48383	48381	-0.000041
300meV	Agua+10NaCl	fotones_que_escapan	92923	92923	0.000000
300meV	Agua+10NaCl	fotoabs_tesis_N	32626	33475	0.026022
300meV	Agua+10NaCl	fotoabs_tesis_media	0.05328189440690301	0.053363549741165105	0.001533
300meV	Agua+10NaCl	fotoabs_tesis_sigma	0.01625438378789021	0.01630489638524163	0.003108
300meV	Agua+10NaCl	FWHM_Compton	0.0675	0.0675	0.000000
300meV	Agua+10NaCl	Cmax_Compton	10143	10143	0.000000
300meV	Agua+10NaCl	z_fotoabs_media	1116.608669898593	1116.6076452301968	-0.000001
300meV	Agua+10NaCl	r_fotoabs_media	239.4565898968831	239.44856778701356	-0.000034
500meV	Agua-pura	pasos_tanque	235370	224698	-0.045341
500meV	Agua-pura	pasos_exterior	48944	59616	0.218045
500meV	Agua-pura	pasos_tanque_estricto	214952	204280	-0.049648
500meV	Agua-pura	compt_tanque	175994	175983	-0.000063
500meV	Agua-pura	phot_tanque	11729	11729	0.000000
500meV	Agua-pura	Rayl_tanque	7223	7223	0.000000
500meV	Agua-pura	conv_tanque	276	276	0.000000
500meV	Agua-pura	Transportation_tanque	40148	29487	-0.265542
500meV	Agua-pura	compt_tanque_estricto	175972	175961	-0.000063
500meV	Agua-pura	phot_tanque_estricto	11729	11729	0.000000
500meV	Agua-pura	Rayl_tanque_estricto	7223	7223	0.000000
500meV	Agua-pura	Transportation_tanque_estricto	19752	9091	-0.539743
500meV	Agua-pura	fraccion_compton_fisicas	0.9015070022845786	0.9015014522747181	-0.000006
500meV	Agua-pura	pares_%_tesis	0.11853677189106514	0.12416665924930351	0.047495
500meV	Agua-pura	f_Compton_tesis	0.7477333559926923	0.7831978922820853	0.047429
500meV	Agua-pura	fotones_absorbidos_tanque	12005	12005	0.000000
500meV	Agua-pura	fotones_que_escapan	27585	27585	0.000000
500meV	Agua-pura	fotoabs_tesis_N	9170	9306	0.014831
500meV	Agua-pura	fotoabs_tesis_media	0.04702867491421134	0.047089560533459224	0.001295
500meV	Agua-pura	fotoabs_tesis_sigma	0.01562359452537905	0.015682774328375105	0.003788
500meV	Agua-pura	FWHM_Compton	0.0621	0.0621	0.000000
500meV	Agua-pura	Cmax_Compton	4033	4033	0.000000
500meV	Agua-pura	z_fotoabs_media	1105.799535527321	1105.799535527321	0.000000
500meV	Agua-pura	r_fotoabs_media	237.3953051279364	237.3953051279364	0.000000
500meV	Agua+2.5NaCl	pasos_tanque	436552	415712	-0.047738
500meV	Agua+2.5NaCl	pasos_exterior	95183	116023	0.218947
500meV	Agua+2.5NaCl	pasos_tanque_estricto	396817	375980	-0.052510
500meV	Agua+2.5NaCl	compt_tanque	319239	319210	-0.000091
500meV	Agua+2.5NaCl	phot_tanque	24507	24506	-0.000041
500meV	Agua+2.5NaCl	Rayl_tanque	13468	13467	-0.000074
500meV	Agua+2.5NaCl	conv_tanque	1674	1673	-0.000597
500meV	Agua+2.5NaCl	Transportation_tanque	77664	56856	-0.267923
500meV	Agua+2.5NaCl	compt_tanque_estricto	319202	319173	-0.000091
500meV	Agua+2.5NaCl	phot_tanque_estricto	24506	24505	-0.000041
500meV	Agua+2.5NaCl	Rayl_tanque_estricto	13468	13467	-0.000074
500meV	Agua+2.5NaCl	Transportation_tanque_estricto	37967	17162	-0.547976
500meV	Agua+2.5NaCl	fraccion_compton_fisicas	0.8895226365885736	0.8895211449717992	-0.000002
500meV	Agua+2.5NaCl	pares_%_tesis	0.3866664223276952	0.40605034254483874	0.050131
500meV	Agua+2.5NaCl	f_Compton_tesis	0.731273708515824	0.7678633284581633	0.050035
500meV	Agua+2.5NaCl	fotones_absorbidos_tanque	26181	26179	-0.000076
500meV	Agua+2.5NaCl	fotones_que_escapan	53717	53717	0.000000
500meV	Agua+2.5NaCl	fotoabs_tesis_N	18508	18920	0.022261
500meV	Agua+2.5NaCl	fotoabs_tesis_media	0.04899146066749659	0.04907218978640547	0.001648
500meV	Agua+2.5NaCl	fotoabs_tesis_sigma	0.015812016438414678	0.01586502813697616	0.003353
500meV	Agua+2.5NaCl	FWHM_Compton	0.0594	0.0594	0.000000
500meV	Agua+2.5NaCl	Cmax_Compton	7341	7341	0.000000
500meV	Agua+2.5NaCl	z_fotoabs_media	1110.0946621985536	1110.0915378478721	-0.000003
500meV	Agua+2.5NaCl	r_fotoabs_media	240.76891835716955	240.75915466324054	-0.000041
500meV	Agua+5NaCl	pasos_tanque	556277	529410	-0.048298
500meV	Agua+5NaCl	pasos_exterior	124848	151715	0.215198
500meV	Agua+5NaCl	pasos_tanque_estricto	503948	477085	-0.053305
500meV	Agua+5NaCl	compt_tanque	402977	402947	-0.000074
500meV	Agua+5NaCl	phot_tanque	33227	33226	-0.000030
500meV	Agua+5NaCl	Rayl_tanque	16396	16396	0.000000
500meV	Agua+5NaCl	conv_tanque	2574	2573	-0.000389
500meV	Agua+5NaCl	Transportation_tanque	101088	74253	-0.265462
500meV	Agua+5NaCl	compt_tanque_estricto	402929	402899	-0.000074
500meV	Agua+5NaCl	phot_tanque_estricto	33223	33222	-0.000030
500meV	Agua+5NaCl	Rayl_tanque_estricto	16396	16396	0.000000
500meV	Agua+5NaCl	Transportation_tanque_estricto	48811	21980	-0.549692
500meV	Agua+5NaCl	fraccion_compton_fisicas	0.8853251723516721	0.8853215040580742	-0.000004
500meV	Agua+5NaCl	pares_%_tesis	0.46739304339384874	0.49111274815360495	0.050749
500meV	Agua+5NaCl	f_Compton_tesis	0.7244178709527808	0.7611246481932717	0.050671
500meV	Agua+5NaCl	fotones_absorbidos_tanque	35801	35799	-0.000056
500meV	Agua+5NaCl	fotones_que_escapan	70309	70309	0.000000
500meV	Agua+5NaCl	fotoabs_tesis_N	24799	25378	0.023348
500meV	Agua+5NaCl	fotoabs_tesis_media	0.050365526026235945	0.05046072650244119	0.001890
500meV	Agua+5NaCl	fotoabs_tesis_sigma	0.015922455127005315	0.01598698055497717	0.004052
500meV	Agua+5NaCl	FWHM_Compton	0.0621	0.0621	0.000000
500meV	Agua+5NaCl	Cmax_Compton	9037	9037	0.000000
500meV	Agua+5NaCl	z_fotoabs_media	1112.3601302224088	1112.3614942183824	0.000001
500meV	Agua+5NaCl	r_fotoabs_media	239.56090104378882	239.55185078747905	-0.000038
500meV	Agua+10NaCl	pasos_tanque	697920	662610	-0.050593
500meV	Agua+10NaCl	pasos_exterior	165696	201006	0.213101
500meV	Agua+10NaCl	pasos_tanque_estricto	628269	592967	-0.056189
500meV	Agua+10NaCl	compt_tanque	496058	496031	-0.000054
500meV	Agua+10NaCl	phot_tanque	45090	45088	-0.000044
500meV	Agua+10NaCl	Rayl_tanque	20153	20153	0.000000
500meV	Agua+10NaCl	conv_tanque	3760	3760	0.000000
500meV	Agua+10NaCl	Transportation_tanque	132859	97578	-0.265552
500meV	Agua+10NaCl	compt_tanque_estricto	495988	495961	-0.000054
500meV	Agua+10NaCl	phot_tanque_estricto	45088	45086	-0.000044
500meV	Agua+10NaCl	Rayl_tanque_estricto	20151	20151	0.000000
500meV	Agua+10NaCl	Transportation_tanque_estricto	63282	28009	-0.557394
500meV	Agua+10NaCl	fraccion_compton_fisicas	0.8778839806675739	0.8778812527432075	-0.000003
500meV	Agua+10NaCl	pares_%_tesis	0.5437585969738652	0.5727350930411554	0.053289
500meV	Agua+10NaCl	f_Compton_tesis	0.7107662769371847	0.7486017415976215	0.053232
500meV	Agua+10NaCl	fotones_absorbidos_tanque	48850	48848	-0.000041
500meV	Agua+10NaCl	fotones_que_escapan	93187	93187	0.000000
500meV	Agua+10NaCl	fotoabs_tesis_N	32901	33731	0.025227
500meV	Agua+10NaCl	fotoabs_tesis_media	0.053222059924476484	0.05329801190907538	0.001427
500meV	Agua+10NaCl	fotoabs_tesis_sigma	0.01619066942335186	0.01623883287317469	0.002975
500meV	Agua+10NaCl	FWHM_Compton	0.0702	0.0702	0.000000
500meV	Agua+10NaCl	Cmax_Compton	10320	10318	-0.000194
500meV	Agua+10NaCl	z_fotoabs_media	1117.0426273517564	1117.0398278320329	-0.000003
500meV	Agua+10NaCl	r_fotoabs_media	240.4106243116948	240.3999956062855	-0.000044
700meV	Agua-pura	pasos_tanque	235109	224689	-0.044320
700meV	Agua-pura	pasos_exterior	49119	59539	0.212138
700meV	Agua-pura	pasos_tanque_estricto	214470	204054	-0.048566
700meV	Agua-pura	compt_tanque	175515	175506	-0.000051
700meV	Agua-pura	phot_tanque	11744	11744	0.000000
700meV	Agua-pura	Rayl_tanque	7427	7426	-0.000135
700meV	Agua-pura	conv_tanque	293	293	0.000000
700meV	Agua-pura	Transportation_tanque	40130	29720	-0.259407
700meV	Agua-pura	compt_tanque_estricto	175489	175480	-0.000051
700meV	Agua-pura	phot_tanque_estricto	11742	11742	0.000000
700meV	Agua-pura	Rayl_tanque_estricto	7425	7424	-0.000135
700meV	Agua-pura	Transportation_tanque_estricto	19521	9115	-0.533067
700meV	Agua-pura	fraccion_compton_fisicas	0.9001738648777561	0.9001738737953213	0.000000
700meV	Agua-pura	pares_%_tesis	0.12547371644641422	0.13129258664198068	0.046375
700meV	Agua-pura	f_Compton_tesis	0.7465260793929624	0.7811063291927953	0.046322
700meV	Agua-pura	fotones_absorbidos_tanque	12037	12037	0.000000
700meV	Agua-pura	fotones_que_escapan	27617	27617	0.000000
700meV	Agua-pura	fotoabs_tesis_N	9194	9357	0.017729
700meV	Agua-pura	fotoabs_tesis_media	0.04686279619036316	0.04695368001653478	0.001939
700meV	Agua-pura	fotoabs_tesis_sigma	0.015392197970124918	0.015477497662154354	0.005542
700meV	Agua-pura	FWHM_Compton	0.0567	0.0567	0.000000
700meV	Agua-pura	Cmax_Compton	4096	4095	-0.000244
700meV	Agua-pura	z_fotoabs_media	1105.302896576975	1105.302896576975	0.000000
700meV	Agua-pura	r_fotoabs_media	234.2271598038615	234.2271598038615	0.000000
700meV	Agua+2.5NaCl	pasos_tanque	441622	420349	-0.048170
700meV	Agua+2.5NaCl	pasos_exterior	96385	117658	0.220709
700meV	Agua+2.5NaCl	pasos_tanque_estricto	401353	380081	-0.053001
700meV	Agua+2.5NaCl	compt_tanque	322764	322748	-0.000050
700meV	Agua+2.5NaCl	phot_tanque	24516	24516	0.000000
700meV	Agua+2.5NaCl	Rayl_tanque	13523	13521	-0.000148
700meV	Agua+2.5NaCl	conv_tanque	1686	1686	0.000000
700meV	Agua+2.5NaCl	Transportation_tanque	79121	57866	-0.268639
700meV	Agua+2.5NaCl	compt_tanque_estricto	322727	322711	-0.000050
700meV	Agua+2.5NaCl	phot_tanque_estricto	24512	24512	0.000000
700meV	Agua+2.5NaCl	Rayl_tanque_estricto	13522	13520	-0.000148
700meV	Agua+2.5NaCl	Transportation_tanque_estricto	38896	17642	-0.546432
700meV	Agua+2.5NaCl	fraccion_compton_fisicas	0.8904104676279831	0.8904105431882826	0.000000
700meV	Agua+2.5NaCl	pares_%_tesis	0.38494459062274977	0.4044258461421343	0.050608
700meV	Agua+2.5NaCl	f_Compton_tesis	0.7308603285162424	0.7678096058275385	0.050556
700meV	Agua+2.5NaCl	fotones_absorbidos_tanque	26202	26202	0.000000
700meV	Agua+2.5NaCl	fotones_que_escapan	54434	54434	0.000000
700meV	Agua+2.5NaCl	fotoabs_tesis_N	18543	18964	0.022704
700meV	Agua+2.5NaCl	fotoabs_tesis_media	0.049029525679419914	0.04909930092723005	0.001423
700meV	Agua+2.5NaCl	fotoabs_tesis_sigma	0.015800447071503295	0.01584434441732724	0.002778
700meV	Agua+2.5NaCl	FWHM_Compton	0.0594	0.0594	0.000000
700meV	Agua+2.5NaCl	Cmax_Compton	7398	7398	0.000000
700meV	Agua+2.5NaCl	z_fotoabs_media	1111.88917390317	1111.88917390317	0.000000
700meV	Agua+2.5NaCl	r_fotoabs_media	239.14734649785285	239.14734649785285	0.000000
700meV	Agua+5NaCl	pasos_tanque	552542	525821	-0.048360
700meV	Agua+5NaCl	pasos_exterior	123773	150494	0.215887
700meV	Agua+5NaCl	pasos_tanque_estricto	500750	474030	-0.053360
700meV	Agua+5NaCl	compt_tanque	399930	399907	-0.000058
700meV	Agua+5NaCl	phot_tanque	32895	32894	-0.000030
700meV	Agua+5NaCl	Rayl_tanque	16833	16832	-0.000059
700meV	Agua+5NaCl	conv_tanque	2480	2479	-0.000403
700meV	Agua+5NaCl	Transportation_tanque	100403	73708	-0.265879
700meV	Agua+5NaCl	compt_tanque_estricto	399879	399856	-0.000058
700meV	Agua+5NaCl	phot_tanque_estricto	32895	32894	-0.000030
700meV	Agua+5NaCl	Rayl_tanque_estricto	16831	16830	-0.000059
700meV	Agua+5NaCl	Transportation_tanque_estricto	48664	21970	-0.548537
700meV	Agua+5NaCl	fraccion_compton_fisicas	0.8845308290831561	0.8845308242205471	-0.000000
700meV	Agua+5NaCl	pares_%_tesis	0.45390214680512975	0.4769683979909513	0.050818
700meV	Agua+5NaCl	f_Compton_tesis	0.7238001817056441	0.7605382820389448	0.050757
700meV	Agua+5NaCl	fotones_absorbidos_tanque	35375	35373	-0.000057
700meV	Agua+5NaCl	fotones_que_escapan	69763	69763	0.000000
700meV	Agua+5NaCl	fotoabs_tesis_N	24497	25088	0.024125
700meV	Agua+5NaCl	fotoabs_tesis_media	0.05042660281258451	0.05050083342609632	0.001472
700meV	Agua+5NaCl	fotoabs_tesis_sigma	0.01596686580768791	0.016008754152171126	0.002623
700meV	Agua+5NaCl	FWHM_Compton	0.0621	0.0621	0.000000
700meV	Agua+5NaCl	Cmax_Compton	8935	8933	-0.000224
700meV	Agua+5NaCl	z_fotoabs_media	1114.1895962091514	1114.1960219888138	0.000006
700meV	Agua+5NaCl	r_fotoabs_media	239.8205420233235	239.81218923117686	-0.000035
700meV	Agua+10NaCl	pasos_tanque	699745	664913	-0.049778
700meV	Agua+10NaCl	pasos_exterior	164505	199337	0.211738
700meV	Agua+10NaCl	pasos_tanque_estricto	630570	595739	-0.055237
700meV	Agua+10NaCl	compt_tanque	497742	497715	-0.000054
700meV	Agua+10NaCl	phot_tanque	45702	45701	-0.000022
700meV	Agua+10NaCl	Rayl_tanque	20305	20305	0.000000
700meV	Agua+10NaCl	conv_tanque	3628	3627	-0.000276
700meV	Agua+10NaCl	Transportation_tanque	132366	97563	-0.262930
700meV	Agua+10NaCl	compt_tanque_estricto	497668	497641	-0.000054
700meV	Agua+10NaCl	phot_tanque_estricto	45697	45696	-0.000022
700meV	Agua+10NaCl	Rayl_tanque_estricto	20305	20305	0.000000
700meV	Agua+10NaCl	Transportation_tanque_estricto	63270	28468	-0.550055
700meV	Agua+10NaCl	fraccion_compton_fisicas	0.877268553360464	0.8772658051143214	-0.000003
700meV	Agua+10NaCl	pares_%_tesis	0.5226189540475459	0.5499967664942632	0.052386
700meV	Agua+10NaCl	f_Compton_tesis	0.7113191233949511	0.7485415385170692	0.052329
700meV	Agua+10NaCl	fotones_absorbidos_tanque	49330	49328	-0.000041
700meV	Agua+10NaCl	fotones_que_escapan	92513	92513	0.000000
700meV	Agua+10NaCl	fotoabs_tesis_N	33351	34200	0.025457
700meV	Agua+10NaCl	fotoabs_tesis_media	0.05319923074536256	0.05325824101461448	0.001109
700meV	Agua+10NaCl	fotoabs_tesis_sigma	0.016302568664551133	0.016328445826582296	0.001587
700meV	Agua+10NaCl	FWHM_Compton	0.0648	0.0648	0.000000
700meV	Agua+10NaCl	Cmax_Compton	10575	10575	0.000000
700meV	Agua+10NaCl	z_fotoabs_media	1118.3739708857415	1118.3706485070384	-0.000003
700meV	Agua+10NaCl	r_fotoabs_media	239.5000545310815	239.49472874711816	-0.000022
1000meV	Agua-pura	pasos_tanque	239947	229378	-0.044047
1000meV	Agua-pura	pasos_exterior	49484	60053	0.213584
1000meV	Agua-pura	pasos_tanque_estricto	219205	208637	-0.048211
1000meV	Agua-pura	compt_tanque	179506	179496	-0.000056
1000meV	Agua-pura	phot_tanque	11902	11902	0.000000
1000meV	Agua-pura	Rayl_tanque	7483	7483	0.000000
1000meV	Agua-pura	conv_tanque	259	259	0.000000
1000meV	Agua-pura	Transportation_tanque	40797	30238	-0.258818
1000meV	Agua-pura	compt_tanque_estricto	179493	179483	-0.000056
1000meV	Agua-pura	phot_tanque_estricto	11902	11902	0.000000
1000meV	Agua-pura	Rayl_tanque_estricto	7483	7483	0.000000
1000meV	Agua-pura	Transportation_tanque_estricto	20068	9510	-0.526111
1000meV	Agua-pura	fraccion_compton_fisicas	0.9013607833291489	0.901355830069298	-0.000005
1000meV	Agua-pura	pares_%_tesis	0.10960753833138151	0.1146579009320859	0.046077
1000meV	Agua-pura	f_Compton_tesis	0.7481068736012536	0.7825336344374787	0.046019
1000meV	Agua-pura	fotones_absorbidos_tanque	12161	12161	0.000000
1000meV	Agua-pura	fotones_que_escapan	27868	27868	0.000000
1000meV	Agua-pura	fotoabs_tesis_N	9433	9571	0.014629
1000meV	Agua-pura	fotoabs_tesis_media	0.04684968498032863	0.04693633589123171	0.001850
1000meV	Agua-pura	fotoabs_tesis_sigma	0.015267967684457978	0.015337298460811772	0.004541
1000meV	Agua-pura	FWHM_Compton	0.0567	0.0567	0.000000
1000meV	Agua-pura	Cmax_Compton	4208	4208	0.000000
1000meV	Agua-pura	z_fotoabs_media	1102.2310809107723	1102.2310809107723	0.000000
1000meV	Agua-pura	r_fotoabs_media	236.69488512650688	236.69488512650688	0.000000
1000meV	Agua+2.5NaCl	pasos_tanque	440039	419118	-0.047544
1000meV	Agua+2.5NaCl	pasos_exterior	94531	115452	0.221314
1000meV	Agua+2.5NaCl	pasos_tanque_estricto	400602	379683	-0.052219
1000meV	Agua+2.5NaCl	compt_tanque	322883	322863	-0.000062
1000meV	Agua+2.5NaCl	phot_tanque	24756	24756	0.000000
1000meV	Agua+2.5NaCl	Rayl_tanque	13488	13487	-0.000074
1000meV	Agua+2.5NaCl	conv_tanque	1621	1621	0.000000
1000meV	Agua+2.5NaCl	Transportation_tanque	77291	56391	-0.270407
1000meV	Agua+2.5NaCl	compt_tanque_estricto	322842	322822	-0.000062
1000meV	Agua+2.5NaCl	phot_tanque_estricto	24756	24756	0.000000
1000meV	Agua+2.5NaCl	Rayl_tanque_estricto	13486	13485	-0.000074
1000meV	Agua+2.5NaCl	Transportation_tanque_estricto	37897	16999	-0.551442
1000meV	Agua+2.5NaCl	fraccion_compton_fisicas	0.8901027710697234	0.8900991654880943	-0.000004
1000meV	Agua+2.5NaCl	pares_%_tesis	0.3724669858807969	0.3910593198096956	0.049917
1000meV	Agua+2.5NaCl	f_Compton_tesis	0.7337599621851699	0.7703391407670394	0.049852
1000meV	Agua+2.5NaCl	fotones_absorbidos_tanque	26377	26377	0.000000
1000meV	Agua+2.5NaCl	fotones_que_escapan	53444	53444	0.000000
1000meV	Agua+2.5NaCl	fotoabs_tesis_N	18645	19052	0.021829
1000meV	Agua+2.5NaCl	fotoabs_tesis_media	0.04871283942460434	0.04878911316761447	0.001566
1000meV	Agua+2.5NaCl	fotoabs_tesis_sigma	0.015732594156658196	0.015791205908667304	0.003725
1000meV	Agua+2.5NaCl	FWHM_Compton	0.0594	0.0594	0.000000
1000meV	Agua+2.5NaCl	Cmax_Compton	7396	7396	0.000000
1000meV	Agua+2.5NaCl	z_fotoabs_media	1107.8618505776453	1107.8618505776453	0.000000
1000meV	Agua+2.5NaCl	r_fotoabs_media	240.65134951080051	240.65134951080051	0.000000
1000meV	Agua+5NaCl	pasos_tanque	561933	534980	-0.047965
1000meV	Agua+5NaCl	pasos_exterior	124362	151315	0.216730
1000meV	Agua+5NaCl	pasos_tanque_estricto	509915	482969	-0.052844
1000meV	Agua+5NaCl	compt_tanque	407543	407522	-0.000052
1000meV	Agua+5NaCl	phot_tanque	33531	33531	0.000000
1000meV	Agua+5NaCl	Rayl_tanque	17104	17103	-0.000058
1000meV	Agua+5NaCl	conv_tanque	2523	2523	0.000000
1000meV	Agua+5NaCl	Transportation_tanque	101230	74299	-0.266038
1000meV	Agua+5NaCl	compt_tanque_estricto	407504	407483	-0.000052
1000meV	Agua+5NaCl	phot_tanque_estricto	33529	33529	0.000000
1000meV	Agua+5NaCl	Rayl_tanque_estricto	17104	17103	-0.000058
1000meV	Agua+5NaCl	Transportation_tanque_estricto	49253	22329	-0.546647
1000meV	Agua+5NaCl	fraccion_compton_fisicas	0.884614967191302	0.8846116276192316	-0.000004
1000meV	Agua+5NaCl	pares_%_tesis	0.4532568829380015	0.4760925642080078	0.050381
1000meV	Agua+5NaCl	f_Compton_tesis	0.7252519428472789	0.7617518411903249	0.050327
1000meV	Agua+5NaCl	fotones_absorbidos_tanque	36054	36054	0.000000
1000meV	Agua+5NaCl	fotones_que_escapan	70111	70111	0.000000
1000meV	Agua+5NaCl	fotoabs_tesis_N	24906	25511	0.024291
1000meV	Agua+5NaCl	fotoabs_tesis_media	0.05040015122643602	0.05046922027122538	0.001370
1000meV	Agua+5NaCl	fotoabs_tesis_sigma	0.015960226798042945	0.016000905829041318	0.002549
1000meV	Agua+5NaCl	FWHM_Compton	0.0621	0.0621	0.000000
1000meV	Agua+5NaCl	Cmax_Compton	9194	9193	-0.000109
1000meV	Agua+5NaCl	z_fotoabs_media	1112.6196184336827	1112.6196184336827	0.000000
1000meV	Agua+5NaCl	r_fotoabs_media	240.307519810617	240.307519810617	0.000000
1000meV	Agua+10NaCl	pasos_tanque	704066	668829	-0.050048
1000meV	Agua+10NaCl	pasos_exterior	164893	200130	0.213696
1000meV	Agua+10NaCl	pasos_tanque_estricto	634806	599573	-0.055502
1000meV	Agua+10NaCl	compt_tanque	501212	501176	-0.000072
1000meV	Agua+10NaCl	phot_tanque	46174	46174	0.000000
1000meV	Agua+10NaCl	Rayl_tanque	20316	20316	0.000000
1000meV	Agua+10NaCl	conv_tanque	3754	3754	0.000000
1000meV	Agua+10NaCl	Transportation_tanque	132610	97409	-0.265448
1000meV	Agua+10NaCl	compt_tanque_estricto	501148	501112	-0.000072
1000meV	Agua+10NaCl	phot_tanque_estricto	46168	46168	0.000000
1000meV	Agua+10NaCl	Rayl_tanque_estricto	20315	20315	0.000000
1000meV	Agua+10NaCl	Transportation_tanque_estricto	63422	28225	-0.554965
1000meV	Agua+10NaCl	fraccion_compton_fisicas	0.8770789002127898	0.877071156067341	-0.000009
1000meV	Agua+10NaCl	pares_%_tesis	0.5363133569864189	0.5645688210289924	0.052685
1000meV	Agua+10NaCl	f_Compton_tesis	0.7118821246871743	0.7493335366737985	0.052609
1000meV	Agua+10NaCl	fotones_absorbidos_tanque	49928	49928	0.000000
1000meV	Agua+10NaCl	fotones_que_escapan	92849	92849	0.000000
1000meV	Agua+10NaCl	fotoabs_tesis_N	33601	34468	0.025803
1000meV	Agua+10NaCl	fotoabs_tesis_media	0.05340589075491974	0.05347726575910627	0.001336
1000meV	Agua+10NaCl	fotoabs_tesis_sigma	0.016325465783454264	0.01636344197800975	0.002326
1000meV	Agua+10NaCl	FWHM_Compton	0.0648	0.0648	0.000000
1000meV	Agua+10NaCl	Cmax_Compton	10723	10723	0.000000
1000meV	Agua+10NaCl	z_fotoabs_media	1118.3611510005626	1118.3611510005626	0.000000
1000meV	Agua+10NaCl	r_fotoabs_media	239.12267473954506	239.12267473954506	0.000000
10000meV	Agua-pura	pasos_tanque	238886	228060	-0.045319
10000meV	Agua-pura	pasos_exterior	48778	59604	0.221944
10000meV	Agua-pura	pasos_tanque_estricto	218522	207698	-0.049533
10000meV	Agua-pura	compt_tanque	178511	178496	-0.000084
10000meV	Agua-pura	phot_tanque	11998	11998	0.000000
10000meV	Agua-pura	Rayl_tanque	7440	7440	0.000000
10000meV	Agua-pura	conv_tanque	291	291	0.000000
10000meV	Agua-pura	Transportation_tanque	40646	29835	-0.265979
10000meV	Agua-pura	compt_tanque_estricto	178487	178472	-0.000084
10000meV	Agua-pura	phot_tanque_estricto	11997	11997	0.000000
10000meV	Agua-pura	Rayl_tanque_estricto	7440	7440	0.000000
10000meV	Agua-pura	Transportation_tanque_estricto	20308	9499	-0.532253
10000meV	Agua-pura	fraccion_compton_fisicas	0.900479217110573	0.9004716862151595	-0.000008
10000meV	Agua-pura	pares_%_tesis	0.12223403631857874	0.12803648162764183	0.047470
10000meV	Agua-pura	f_Compton_tesis	0.7472643855228017	0.7826712268701219	0.047382
10000meV	Agua-pura	fotones_absorbidos_tanque	12289	12289	0.000000
10000meV	Agua-pura	fotones_que_escapan	27597	27597	0.000000
10000meV	Agua-pura	fotoabs_tesis_N	9429	9578	0.015802
10000meV	Agua-pura	fotoabs_tesis_media	0.047062670607212816	0.047170425828650074	0.002290
10000meV	Agua-pura	fotoabs_tesis_sigma	0.015560293746113263	0.015658303366774054	0.006299
10000meV	Agua-pura	FWHM_Compton	0.0567	0.0567	0.000000
10000meV	Agua-pura	Cmax_Compton	4250	4249	-0.000235
10000meV	Agua-pura	z_fotoabs_media	1106.3374936564476	1106.3374936564476	0.000000
10000meV	Agua-pura	r_fotoabs_media	235.63088091110387	235.63088091110387	0.000000
10000meV	Agua+2.5NaCl	pasos_tanque	448870	427743	-0.047067
10000meV	Agua+2.5NaCl	pasos_exterior	94500	115627	0.223566
10000meV	Agua+2.5NaCl	pasos_tanque_estricto	409560	388434	-0.051582
10000meV	Agua+2.5NaCl	compt_tanque	329530	329511	-0.000058
10000meV	Agua+2.5NaCl	phot_tanque	25314	25313	-0.000040
10000meV	Agua+2.5NaCl	Rayl_tanque	14122	14122	0.000000
10000meV	Agua+2.5NaCl	conv_tanque	1651	1651	0.000000
10000meV	Agua+2.5NaCl	Transportation_tanque	78253	57146	-0.269728
10000meV	Agua+2.5NaCl	compt_tanque_estricto	329490	329471	-0.000058
10000meV	Agua+2.5NaCl	phot_tanque_estricto	25312	25311	-0.000040
10000meV	Agua+2.5NaCl	Rayl_tanque_estricto	14121	14121	0.000000
10000meV	Agua+2.5NaCl	Transportation_tanque_estricto	38987	17881	-0.541360
10000meV	Agua+2.5NaCl	fraccion_compton_fisicas	0.8891389223915794	0.8891356379031671	-0.000004
10000meV	Agua+2.5NaCl	pares_%_tesis	0.3715997950408804	0.38995378065801195	0.049392
10000meV	Agua+2.5NaCl	f_Compton_tesis	0.734132376857442	0.7703480828441377	0.049331
10000meV	Agua+2.5NaCl	fotones_absorbidos_tanque	26965	26964	-0.000037
10000meV	Agua+2.5NaCl	fotones_que_escapan	53514	53514	0.000000
10000meV	Agua+2.5NaCl	fotoabs_tesis_N	19071	19537	0.024435
10000meV	Agua+2.5NaCl	fotoabs_tesis_media	0.04849001744072002	0.04858666546717172	0.001993
10000meV	Agua+2.5NaCl	fotoabs_tesis_sigma	0.015573820867178415	0.015645486549904414	0.004602
10000meV	Agua+2.5NaCl	FWHM_Compton	0.0594	0.0594	0.000000
10000meV	Agua+2.5NaCl	Cmax_Compton	7552	7551	-0.000132
10000meV	Agua+2.5NaCl	z_fotoabs_media	1109.7935377340627	1109.794954142143	0.000001
10000meV	Agua+2.5NaCl	r_fotoabs_media	239.74899240543954	239.7394996400638	-0.000040
10000meV	Agua+5NaCl	pasos_tanque	565841	538413	-0.048473
10000meV	Agua+5NaCl	pasos_exterior	122401	149829	0.224083
10000meV	Agua+5NaCl	pasos_tanque_estricto	514960	487535	-0.053257
10000meV	Agua+5NaCl	compt_tanque	411354	411332	-0.000053
10000meV	Agua+5NaCl	phot_tanque	34099	34098	-0.000029
10000meV	Agua+5NaCl	Rayl_tanque	16907	16907	0.000000
10000meV	Agua+5NaCl	conv_tanque	2586	2585	-0.000387
10000meV	Agua+5NaCl	Transportation_tanque	100895	73491	-0.271609
10000meV	Agua+5NaCl	compt_tanque_estricto	411299	411277	-0.000053
10000meV	Agua+5NaCl	phot_tanque_estricto	34096	34095	-0.000029
10000meV	Agua+5NaCl	Rayl_tanque_estricto	16906	16906	0.000000
10000meV	Agua+5NaCl	Transportation_tanque_estricto	50073	22672	-0.547221
10000meV	Agua+5NaCl	fraccion_compton_fisicas	0.8847350014840433	0.8847333531215988	-0.000002
10000meV	Agua+5NaCl	pares_%_tesis	0.45913958161391627	0.48252921084743494	0.050942
10000meV	Agua+5NaCl	f_Compton_tesis	0.7269780733456925	0.7639711522567249	0.050886
10000meV	Agua+5NaCl	fotones_absorbidos_tanque	36685	36683	-0.000055
10000meV	Agua+5NaCl	fotones_que_escapan	69323	69323	0.000000
10000meV	Agua+5NaCl	fotoabs_tesis_N	25491	26118	0.024597
10000meV	Agua+5NaCl	fotoabs_tesis_media	0.05059120495315753	0.050662798428188965	0.001415
10000meV	Agua+5NaCl	fotoabs_tesis_sigma	0.016067423926633934	0.016112609212455213	0.002812
10000meV	Agua+5NaCl	FWHM_Compton	0.0621	0.0621	0.000000
10000meV	Agua+5NaCl	Cmax_Compton	9309	9309	0.000000
10000meV	Agua+5NaCl	z_fotoabs_media	1111.2873242482176	1111.2946069722555	0.000007
10000meV	Agua+5NaCl	r_fotoabs_media	238.722710869931	238.71397770826076	-0.000037
10000meV	Agua+10NaCl	pasos_tanque	704342	669330	-0.049709
10000meV	Agua+10NaCl	pasos_exterior	159464	194476	0.219561
10000meV	Agua+10NaCl	pasos_tanque_estricto	637755	602746	-0.054894
10000meV	Agua+10NaCl	compt_tanque	503961	503927	-0.000067
10000meV	Agua+10NaCl	phot_tanque	46247	46245	-0.000043
10000meV	Agua+10NaCl	Rayl_tanque	20520	20518	-0.000097
10000meV	Agua+10NaCl	conv_tanque	3722	3722	0.000000
10000meV	Agua+10NaCl	Transportation_tanque	129889	94915	-0.269261
10000meV	Agua+10NaCl	compt_tanque_estricto	503909	503875	-0.000067
10000meV	Agua+10NaCl	phot_tanque_estricto	46246	46244	-0.000043
10000meV	Agua+10NaCl	Rayl_tanque_estricto	20520	20518	-0.000097
10000meV	Agua+10NaCl	Transportation_tanque_estricto	63355	28384	-0.551985
10000meV	Agua+10NaCl	fraccion_compton_fisicas	0.877293062929759	0.8772919089434065	-0.000001
10000meV	Agua+10NaCl	pares_%_tesis	0.5331216937226518	0.5610087699639938	0.052309
10000meV	Agua+10NaCl	f_Compton_tesis	0.7155061035690048	0.7528827334797484	0.052238
10000meV	Agua+10NaCl	fotones_absorbidos_tanque	49969	49967	-0.000040
10000meV	Agua+10NaCl	fotones_que_escapan	90033	90033	0.000000
10000meV	Agua+10NaCl	fotoabs_tesis_N	33720	34629	0.026957
10000meV	Agua+10NaCl	fotoabs_tesis_media	0.05330918242169238	0.0534057898684997	0.001812
10000meV	Agua+10NaCl	fotoabs_tesis_sigma	0.016205851262677276	0.01626443669065593	0.003615
10000meV	Agua+10NaCl	FWHM_Compton	0.0675	0.0675	0.000000
10000meV	Agua+10NaCl	Cmax_Compton	10566	10566	0.000000
10000meV	Agua+10NaCl	z_fotoabs_media	1114.158537566331	1114.1663447903582	0.000007
10000meV	Agua+10NaCl	r_fotoabs_media	239.9170276901586	239.90618486216945	-0.000045
100000meV	Agua-pura	pasos_tanque	238442	227717	-0.044979
100000meV	Agua-pura	pasos_exterior	47306	58031	0.226715
100000meV	Agua-pura	pasos_tanque_estricto	218812	208088	-0.049010
100000meV	Agua-pura	compt_tanque	178764	178755	-0.000050
100000meV	Agua-pura	phot_tanque	12081	12081	0.000000
100000meV	Agua-pura	Rayl_tanque	7479	7479	0.000000
100000meV	Agua-pura	conv_tanque	309	309	0.000000
100000meV	Agua-pura	Transportation_tanque	39809	29093	-0.269185
100000meV	Agua-pura	compt_tanque_estricto	178748	178739	-0.000050
100000meV	Agua-pura	phot_tanque_estricto	12081	12081	0.000000
100000meV	Agua-pura	Rayl_tanque_estricto	7479	7479	0.000000
100000meV	Agua-pura	Transportation_tanque_estricto	20195	9480	-0.530577
100000meV	Agua-pura	fraccion_compton_fisicas	0.899971303861896	0.8999667713871435	-0.000005
100000meV	Agua-pura	pares_%_tesis	0.13168820929198716	0.137890451744929	0.047098
100000meV	Agua-pura	f_Compton_tesis	0.7497169122889424	0.7849875064224454	0.047045
100000meV	Agua-pura	fotones_absorbidos_tanque	12390	12390	0.000000
100000meV	Agua-pura	fotones_que_escapan	26822	26822	0.000000
100000meV	Agua-pura	fotoabs_tesis_N	9446	9607	0.017044
100000meV	Agua-pura	fotoabs_tesis_media	0.04714804628347184	0.04722042966072455	0.001535
100000meV	Agua-pura	fotoabs_tesis_sigma	0.01574903861292034	0.015797540223884365	0.003080
100000meV	Agua-pura	FWHM_Compton	0.0567	0.0567	0.000000
100000meV	Agua-pura	Cmax_Compton	4171	4171	0.000000
100000meV	Agua-pura	z_fotoabs_media	1102.8866944789356	1102.8866944789356	0.000000
100000meV	Agua-pura	r_fotoabs_media	236.7067690383267	236.7067690383267	0.000000
100000meV	Agua+2.5NaCl	pasos_tanque	437047	416163	-0.047784
100000meV	Agua+2.5NaCl	pasos_exterior	90863	111747	0.229841
100000meV	Agua+2.5NaCl	pasos_tanque_estricto	399459	378577	-0.052276
100000meV	Agua+2.5NaCl	compt_tanque	320791	320768	-0.000072
100000meV	Agua+2.5NaCl	phot_tanque	24819	24819	0.000000
100000meV	Agua+2.5NaCl	Rayl_tanque	13717	13716	-0.000073
100000meV	Agua+2.5NaCl	conv_tanque	1690	1690	0.000000
100000meV	Agua+2.5NaCl	Transportation_tanque	76030	55170	-0.274365
100000meV	Agua+2.5NaCl	compt_tanque_estricto	320754	320731	-0.000072
100000meV	Agua+2.5NaCl	phot_tanque_estricto	24818	24818	0.000000
100000meV	Agua+2.5NaCl	Rayl_tanque_estricto	13716	13715	-0.000073
100000meV	Agua+2.5NaCl	Transportation_tanque_estricto	38481	17623	-0.542034
100000meV	Agua+2.5NaCl	fraccion_compton_fisicas	0.8885758842381384	0.8885712465338663	-0.000005
100000meV	Agua+2.5NaCl	pares_%_tesis	0.38897418355462915	0.40849378729007624	0.050182
100000meV	Agua+2.5NaCl	f_Compton_tesis	0.7339965724510179	0.7707749127144893	0.050107
100000meV	Agua+2.5NaCl	fotones_absorbidos_tanque	26509	26509	0.000000
100000meV	Agua+2.5NaCl	fotones_que_escapan	51558	51558	0.000000
100000meV	Agua+2.5NaCl	fotoabs_tesis_N	18641	19104	0.024838
100000meV	Agua+2.5NaCl	fotoabs_tesis_media	0.048952788284690824	0.049050099345526794	0.001988
100000meV	Agua+2.5NaCl	fotoabs_tesis_sigma	0.01580132630782806	0.015869776512574898	0.004332
100000meV	Agua+2.5NaCl	FWHM_Compton	0.0594	0.0594	0.000000
100000meV	Agua+2.5NaCl	Cmax_Compton	7300	7299	-0.000137
100000meV	Agua+2.5NaCl	z_fotoabs_media	1106.2296877009544	1106.2296877009544	0.000000
100000meV	Agua+2.5NaCl	r_fotoabs_media	240.3700859275539	240.3700859275539	0.000000
100000meV	Agua+5NaCl	pasos_tanque	557400	530307	-0.048606
100000meV	Agua+5NaCl	pasos_exterior	118777	145870	0.228100
100000meV	Agua+5NaCl	pasos_tanque_estricto	508191	481103	-0.053303
100000meV	Agua+5NaCl	compt_tanque	405589	405558	-0.000076
100000meV	Agua+5NaCl	phot_tanque	33527	33527	0.000000
100000meV	Agua+5NaCl	Rayl_tanque	16968	16967	-0.000059
100000meV	Agua+5NaCl	conv_tanque	2578	2578	0.000000
100000meV	Agua+5NaCl	Transportation_tanque	98736	71675	-0.274074
100000meV	Agua+5NaCl	compt_tanque_estricto	405550	405519	-0.000076
100000meV	Agua+5NaCl	phot_tanque_estricto	33527	33527	0.000000
100000meV	Agua+5NaCl	Rayl_tanque_estricto	16966	16965	-0.000059
100000meV	Agua+5NaCl	Transportation_tanque_estricto	49569	22513	-0.545825
100000meV	Agua+5NaCl	fraccion_compton_fisicas	0.8842873401328211	0.8842814469179949	-0.000007
100000meV	Agua+5NaCl	pares_%_tesis	0.465016146393972	0.4887734840384909	0.051089
100000meV	Agua+5NaCl	f_Compton_tesis	0.7276444205238608	0.7647607895049471	0.051009
100000meV	Agua+5NaCl	fotones_absorbidos_tanque	36105	36105	0.000000
100000meV	Agua+5NaCl	fotones_que_escapan	67387	67387	0.000000
100000meV	Agua+5NaCl	fotoabs_tesis_N	24888	25487	0.024068
100000meV	Agua+5NaCl	fotoabs_tesis_media	0.05049486689050965	0.050582991156281835	0.001745
100000meV	Agua+5NaCl	fotoabs_tesis_sigma	0.015957253596173438	0.01602426283479231	0.004199
100000meV	Agua+5NaCl	FWHM_Compton	0.0648	0.0648	0.000000
100000meV	Agua+5NaCl	Cmax_Compton	8900	8900	0.000000
100000meV	Agua+5NaCl	z_fotoabs_media	1108.664656034241	1108.664656034241	0.000000
100000meV	Agua+5NaCl	r_fotoabs_media	238.5915560864408	238.5915560864408	0.000000
100000meV	Agua+10NaCl	pasos_tanque	692514	658096	-0.049700
100000meV	Agua+10NaCl	pasos_exterior	154121	188539	0.223318
100000meV	Agua+10NaCl	pasos_tanque_estricto	628412	593996	-0.054767
100000meV	Agua+10NaCl	compt_tanque	496543	496511	-0.000064
100000meV	Agua+10NaCl	phot_tanque	45351	45349	-0.000044
100000meV	Agua+10NaCl	Rayl_tanque	20278	20278	0.000000
100000meV	Agua+10NaCl	conv_tanque	3666	3666	0.000000
100000meV	Agua+10NaCl	Transportation_tanque	126676	92292	-0.271433
100000meV	Agua+10NaCl	compt_tanque_estricto	496482	496450	-0.000064
100000meV	Agua+10NaCl	phot_tanque_estricto	45350	45348	-0.000044
100000meV	Agua+10NaCl	Rayl_tanque_estricto	20278	20278	0.000000
100000meV	Agua+10NaCl	Transportation_tanque_estricto	62638	28256	-0.548900
100000meV	Agua+10NaCl	fraccion_compton_fisicas	0.8775356197356841	0.8775317954627397	-0.000004
100000meV	Agua+10NaCl	pares_%_tesis	0.5337076217953717	0.5616201891517347	0.052299
100000meV	Agua+10NaCl	f_Compton_tesis	0.7170151072758096	0.754465913787654	0.052232
100000meV	Agua+10NaCl	fotones_absorbidos_tanque	49017	49015	-0.000041
100000meV	Agua+10NaCl	fotones_que_escapan	87182	87182	0.000000
100000meV	Agua+10NaCl	fotoabs_tesis_N	33220	34086	0.026069
100000meV	Agua+10NaCl	fotoabs_tesis_media	0.05323052707339356	0.05331278352980802	0.001545
100000meV	Agua+10NaCl	fotoabs_tesis_sigma	0.01623906649243597	0.016286949024185444	0.002949
100000meV	Agua+10NaCl	FWHM_Compton	0.0675	0.0675	0.000000
100000meV	Agua+10NaCl	Cmax_Compton	10566	10565	-0.000095
100000meV	Agua+10NaCl	z_fotoabs_media	1114.1901425135245	1114.2130727939061	0.000021
100000meV	Agua+10NaCl	r_fotoabs_media	239.39647723366036	239.38507369256868	-0.000048
1000000meV	Agua-pura	pasos_tanque	238505	227698	-0.045311
1000000meV	Agua-pura	pasos_exterior	45452	56259	0.237767
1000000meV	Agua-pura	pasos_tanque_estricto	219815	209008	-0.049164
1000000meV	Agua-pura	compt_tanque	179542	179524	-0.000100
1000000meV	Agua-pura	phot_tanque	12029	12029	0.000000
1000000meV	Agua-pura	Rayl_tanque	7538	7536	-0.000265
1000000meV	Agua-pura	conv_tanque	305	305	0.000000
1000000meV	Agua-pura	Transportation_tanque	39091	28304	-0.275946
1000000meV	Agua-pura	compt_tanque_estricto	179525	179507	-0.000100
1000000meV	Agua-pura	phot_tanque_estricto	12028	12028	0.000000
1000000meV	Agua-pura	Rayl_tanque_estricto	7538	7536	-0.000265
1000000meV	Agua-pura	Transportation_tanque_estricto	20419	9632	-0.528282
1000000meV	Agua-pura	fraccion_compton_fisicas	0.9003480196977143	0.9003480546054545	0.000000
1000000meV	Agua-pura	pares_%_tesis	0.12787991865998616	0.1339493539688535	0.047462
1000000meV	Agua-pura	f_Compton_tesis	0.7527808641328274	0.7884302892427689	0.047357
1000000meV	Agua-pura	fotones_absorbidos_tanque	12334	12334	0.000000
1000000meV	Agua-pura	fotones_que_escapan	25882	25882	0.000000
1000000meV	Agua-pura	fotoabs_tesis_N	9397	9564	0.017772
1000000meV	Agua-pura	fotoabs_tesis_media	0.04702560226086957	0.047108742418647584	0.001768
1000000meV	Agua-pura	fotoabs_tesis_sigma	0.015706775599923492	0.015746275850366056	0.002515
1000000meV	Agua-pura	FWHM_Compton	0.0594	0.0594	0.000000
1000000meV	Agua-pura	Cmax_Compton	4296	4295	-0.000233
1000000meV	Agua-pura	z_fotoabs_media	1099.6385932147307	1099.6385932147307	0.000000
1000000meV	Agua-pura	r_fotoabs_media	235.4948116314891	235.4948116314891	0.000000
1000000meV	Agua+2.5NaCl	pasos_tanque	428752	408430	-0.047398
1000000meV	Agua+2.5NaCl	pasos_exterior	84898	105220	0.239370
1000000meV	Agua+2.5NaCl	pasos_tanque_estricto	393893	373575	-0.051583
1000000meV	Agua+2.5NaCl	compt_tanque	316772	316752	-0.000063
1000000meV	Agua+2.5NaCl	phot_tanque	24644	24644	0.000000
1000000meV	Agua+2.5NaCl	Rayl_tanque	13436	13436	0.000000
1000000meV	Agua+2.5NaCl	conv_tanque	1586	1586	0.000000
1000000meV	Agua+2.5NaCl	Transportation_tanque	72313	52011	-0.280752
1000000meV	Agua+2.5NaCl	compt_tanque_estricto	316740	316720	-0.000063
1000000meV	Agua+2.5NaCl	phot_tanque_estricto	24644	24644	0.000000
1000000meV	Agua+2.5NaCl	Rayl_tanque_estricto	13435	13435	0.000000
1000000meV	Agua+2.5NaCl	Transportation_tanque_estricto	37487	17189	-0.541468
1000000meV	Agua+2.5NaCl	fraccion_compton_fisicas	0.8887155690470713	0.8887093244448934	-0.000007
1000000meV	Agua+2.5NaCl	pares_%_tesis	0.3734093368660671	0.391988835296134	0.049756
1000000meV	Agua+2.5NaCl	f_Compton_tesis	0.7388233757510169	0.775535587493573	0.049690
1000000meV	Agua+2.5NaCl	fotones_absorbidos_tanque	26230	26230	0.000000
1000000meV	Agua+2.5NaCl	fotones_que_escapan	48447	48447	0.000000
1000000meV	Agua+2.5NaCl	fotoabs_tesis_N	18430	18824	0.021378
1000000meV	Agua+2.5NaCl	fotoabs_tesis_media	0.048823145767728185	0.04890867858869304	0.001752
1000000meV	Agua+2.5NaCl	fotoabs_tesis_sigma	0.015773913550529123	0.015835283883725414	0.003891
1000000meV	Agua+2.5NaCl	FWHM_Compton	0.0594	0.0594	0.000000
1000000meV	Agua+2.5NaCl	Cmax_Compton	7354	7354	0.000000
1000000meV	Agua+2.5NaCl	z_fotoabs_media	1106.848716300119	1106.848716300119	0.000000
1000000meV	Agua+2.5NaCl	r_fotoabs_media	238.39015773249926	238.39015773249926	0.000000
1000000meV	Agua+5NaCl	pasos_tanque	541513	515642	-0.047775
1000000meV	Agua+5NaCl	pasos_exterior	109961	135832	0.235274
1000000meV	Agua+5NaCl	pasos_tanque_estricto	496186	470319	-0.052132
1000000meV	Agua+5NaCl	compt_tanque	396436	396404	-0.000081
1000000meV	Agua+5NaCl	phot_tanque	32959	32959	0.000000
1000000meV	Agua+5NaCl	Rayl_tanque	16785	16785	0.000000
1000000meV	Agua+5NaCl	conv_tanque	2416	2416	0.000000
1000000meV	Agua+5NaCl	Transportation_tanque	92916	67077	-0.278090
1000000meV	Agua+5NaCl	compt_tanque_estricto	396396	396364	-0.000081
1000000meV	Agua+5NaCl	phot_tanque_estricto	32959	32959	0.000000
1000000meV	Agua+5NaCl	Rayl_tanque_estricto	16782	16782	0.000000
1000000meV	Agua+5NaCl	Transportation_tanque_estricto	47633	21798	-0.542376
1000000meV	Agua+5NaCl	fraccion_compton_fisicas	0.8837261143657099	0.8837178195307693	-0.000009
1000000meV	Agua+5NaCl	pares_%_tesis	0.4492966927848454	0.4718389890660575	0.050172
1000000meV	Agua+5NaCl	f_Compton_tesis	0.7320895343232757	0.7687581694276261	0.050088
1000000meV	Agua+5NaCl	fotones_absorbidos_tanque	35375	35375	0.000000
1000000meV	Agua+5NaCl	fotones_que_escapan	62643	62643	0.000000
1000000meV	Agua+5NaCl	fotoabs_tesis_N	24288	24900	0.025198
1000000meV	Agua+5NaCl	fotoabs_tesis_media	0.050137007812002365	0.05020884667783867	0.001433
1000000meV	Agua+5NaCl	fotoabs_tesis_sigma	0.01576529021985873	0.015805206744118207	0.002532
1000000meV	Agua+5NaCl	FWHM_Compton	0.0648	0.0648	0.000000
1000000meV	Agua+5NaCl	Cmax_Compton	8873	8871	-0.000225
1000000meV	Agua+5NaCl	z_fotoabs_media	1110.077448011164	1110.077448011164	0.000000
1000000meV	Agua+5NaCl	r_fotoabs_media	240.63578327033036	240.63578327033036	0.000000
1000000meV	Agua+10NaCl	pasos_tanque	667270	634156	-0.049626
1000000meV	Agua+10NaCl	pasos_exterior	140659	173773	0.235420
1000000meV	Agua+10NaCl	pasos_tanque_estricto	609303	576193	-0.054341
1000000meV	Agua+10NaCl	compt_tanque	481180	481147	-0.000069
1000000meV	Agua+10NaCl	phot_tanque	44176	44175	-0.000023
1000000meV	Agua+10NaCl	Rayl_tanque	19864	19863	-0.000050
1000000meV	Agua+10NaCl	conv_tanque	3615	3615	0.000000
1000000meV	Agua+10NaCl	Transportation_tanque	118435	85356	-0.279301
1000000meV	Agua+10NaCl	compt_tanque_estricto	481129	481096	-0.000069
1000000meV	Agua+10NaCl	phot_tanque_estricto	44172	44171	-0.000023
1000000meV	Agua+10NaCl	Rayl_tanque_estricto	19864	19863	-0.000050
1000000meV	Agua+10NaCl	Transportation_tanque_estricto	60524	27449	-0.546477
1000000meV	Agua+10NaCl	fraccion_compton_fisicas	0.876729800395383	0.876725583090379	-0.000005
1000000meV	Agua+10NaCl	pares_%_tesis	0.5450567236650831	0.5735181879537528	0.052217
1000000meV	Agua+10NaCl	f_Compton_tesis	0.7211173887631693	0.7587202517992419	0.052145
1000000meV	Agua+10NaCl	fotones_absorbidos_tanque	47791	47790	-0.000021
1000000meV	Agua+10NaCl	fotones_que_escapan	80082	80082	0.000000
1000000meV	Agua+10NaCl	fotoabs_tesis_N	32248	33073	0.025583
1000000meV	Agua+10NaCl	fotoabs_tesis_media	0.0531320512144973	0.05319757659286507	0.001233
1000000meV	Agua+10NaCl	fotoabs_tesis_sigma	0.016190629809200326	0.016218192280050645	0.001702
1000000meV	Agua+10NaCl	FWHM_Compton	0.0675	0.0675	0.000000
1000000meV	Agua+10NaCl	Cmax_Compton	10285	10285	0.000000
1000000meV	Agua+10NaCl	z_fotoabs_media	1114.3053951693223	1114.306753752122	0.000001
1000000meV	Agua+10NaCl	r_fotoabs_media	240.56372185413113	240.5573858251542	-0.000026
