energia	medio	carga_pe	cuentas
1meV	Agua-pura	1	2158
1meV	Agua-pura	2	1967
1meV	Agua-pura	3	1383
1meV	Agua-pura	4	911
1meV	Agua-pura	5	580
1meV	Agua-pura	6	333
1meV	Agua-pura	7	225
1meV	Agua-pura	8	108
1meV	Agua-pura	9	93
1meV	Agua-pura	10	64
1meV	Agua-pura	11	43
1meV	Agua-pura	12	37
1meV	Agua-pura	13	28
1meV	Agua-pura	14	15
1meV	Agua-pura	15	19
1meV	Agua-pura	16	12
1meV	Agua-pura	17	14
1meV	Agua-pura	18	5
1meV	Agua-pura	19	3
1meV	Agua-pura	20	5
1meV	Agua-pura	21	5
1meV	Agua-pura	22	4
1meV	Agua-pura	23	3
1meV	Agua-pura	24	3
1meV	Agua-pura	25	1
1meV	Agua-pura	26	1
1meV	Agua-pura	94	1
1meV	Agua+2.5NaCl	1	2040
1meV	Agua+2.5NaCl	2	1781
1meV	Agua+2.5NaCl	3	1334
1meV	Agua+2.5NaCl	4	942
1meV	Agua+2.5NaCl	5	694
1meV	Agua+2.5NaCl	6	494
1meV	Agua+2.5NaCl	7	377
1meV	Agua+2.5NaCl	8	314
1meV	Agua+2.5NaCl	9	260
1meV	Agua+2.5NaCl	10	262
1meV	Agua+2.5NaCl	11	225
1meV	Agua+2.5NaCl	12	211
1meV	Agua+2.5NaCl	13	200
1meV	Agua+2.5NaCl	14	176
1meV	Agua+2.5NaCl	15	176
1meV	Agua+2.5NaCl	16	158
1meV	Agua+2.5NaCl	17	141
1meV	Agua+2.5NaCl	18	126
1meV	Agua+2.5NaCl	19	104
1meV	Agua+2.5NaCl	20	92
1meV	Agua+2.5NaCl	21	75
1meV	Agua+2.5NaCl	22	83
1meV	Agua+2.5NaCl	23	61
1meV	Agua+2.5NaCl	24	58
1meV	Agua+2.5NaCl	25	57
1meV	Agua+2.5NaCl	26	44
1meV	Agua+2.5NaCl	27	50
1meV	Agua+2.5NaCl	28	32
1meV	Agua+2.5NaCl	29	34
1meV	Agua+2.5NaCl	30	28
1meV	Agua+2.5NaCl	31	30
1meV	Agua+2.5NaCl	32	28
1meV	Agua+2.5NaCl	33	33
1meV	Agua+2.5NaCl	34	17
1meV	Agua+2.5NaCl	35	24
1meV	Agua+2.5NaCl	36	21
1meV	Agua+2.5NaCl	37	9
1meV	Agua+2.5NaCl	38	18
1meV	Agua+2.5NaCl	39	20
1meV	Agua+2.5NaCl	40	15
1meV	Agua+2.5NaCl	41	6
1meV	Agua+2.5NaCl	42	10
1meV	Agua+2.5NaCl	43	12
1meV	Agua+2.5NaCl	44	3
1meV	Agua+2.5NaCl	45	4
1meV	Agua+2.5NaCl	46	11
1meV	Agua+2.5NaCl	47	9
1meV	Agua+2.5NaCl	48	11
1meV	Agua+2.5NaCl	49	3
1meV	Agua+2.5NaCl	50	7
1meV	Agua+2.5NaCl	51	8
1meV	Agua+2.5NaCl	52	7
1meV	Agua+2.5NaCl	53	6
1meV	Agua+2.5NaCl	54	5
1meV	Agua+2.5NaCl	55	6
1meV	Agua+2.5NaCl	56	1
1meV	Agua+2.5NaCl	57	4
1meV	Agua+2.5NaCl	58	4
1meV	Agua+2.5NaCl	59	4
1meV	Agua+2.5NaCl	60	3
1meV	Agua+2.5NaCl	61	2
1meV	Agua+2.5NaCl	62	2
1meV	Agua+2.5NaCl	63	4
1meV	Agua+2.5NaCl	64	3
1meV	Agua+2.5NaCl	65	2
1meV	Agua+2.5NaCl	66	3
1meV	Agua+2.5NaCl	67	3
1meV	Agua+2.5NaCl	68	2
1meV	Agua+2.5NaCl	69	2
1meV	Agua+2.5NaCl	70	3
1meV	Agua+2.5NaCl	71	3
1meV	Agua+2.5NaCl	72	1
1meV	Agua+2.5NaCl	73	2
1meV	Agua+2.5NaCl	74	1
1meV	Agua+2.5NaCl	75	1
1meV	Agua+2.5NaCl	76	2
1meV	Agua+2.5NaCl	77	2
1meV	Agua+2.5NaCl	81	1
1meV	Agua+2.5NaCl	82	1
1meV	Agua+2.5NaCl	83	2
1meV	Agua+2.5NaCl	85	1
1meV	Agua+2.5NaCl	87	1
1meV	Agua+2.5NaCl	88	2
1meV	Agua+2.5NaCl	89	1
1meV	Agua+2.5NaCl	90	1
1meV	Agua+2.5NaCl	91	1
1meV	Agua+2.5NaCl	93	1
1meV	Agua+2.5NaCl	96	1
1meV	Agua+2.5NaCl	97	1
1meV	Agua+2.5NaCl	101	1
1meV	Agua+2.5NaCl	102	3
1meV	Agua+2.5NaCl	106	1
1meV	Agua+2.5NaCl	109	1
1meV	Agua+2.5NaCl	110	1
1meV	Agua+5NaCl	1	2072
1meV	Agua+5NaCl	2	1724
1meV	Agua+5NaCl	3	1334
1meV	Agua+5NaCl	4	977
1meV	Agua+5NaCl	5	743
1meV	Agua+5NaCl	6	581
1meV	Agua+5NaCl	7	482
1meV	Agua+5NaCl	8	432
1meV	Agua+5NaCl	9	378
1meV	Agua+5NaCl	10	381
1meV	Agua+5NaCl	11	370
1meV	Agua+5NaCl	12	362
1meV	Agua+5NaCl	13	347
1meV	Agua+5NaCl	14	309
1meV	Agua+5NaCl	15	287
1meV	Agua+5NaCl	16	229
1meV	Agua+5NaCl	17	221
1meV	Agua+5NaCl	18	207
1meV	Agua+5NaCl	19	167
1meV	Agua+5NaCl	20	158
1meV	Agua+5NaCl	21	128
1meV	Agua+5NaCl	22	113
1meV	Agua+5NaCl	23	88
1meV	Agua+5NaCl	24	88
1meV	Agua+5NaCl	25	73
1meV	Agua+5NaCl	26	70
1meV	Agua+5NaCl	27	64
1meV	Agua+5NaCl	28	55
1meV	Agua+5NaCl	29	43
1meV	Agua+5NaCl	30	51
1meV	Agua+5NaCl	31	43
1meV	Agua+5NaCl	32	32
1meV	Agua+5NaCl	33	38
1meV	Agua+5NaCl	34	33
1meV	Agua+5NaCl	35	19
1meV	Agua+5NaCl	36	26
1meV	Agua+5NaCl	37	22
1meV	Agua+5NaCl	38	22
1meV	Agua+5NaCl	39	18
1meV	Agua+5NaCl	40	20
1meV	Agua+5NaCl	41	15
1meV	Agua+5NaCl	42	19
1meV	Agua+5NaCl	43	18
1meV	Agua+5NaCl	44	12
1meV	Agua+5NaCl	45	14
1meV	Agua+5NaCl	46	9
1meV	Agua+5NaCl	47	12
1meV	Agua+5NaCl	48	12
1meV	Agua+5NaCl	49	8
1meV	Agua+5NaCl	50	9
1meV	Agua+5NaCl	51	10
1meV	Agua+5NaCl	52	6
1meV	Agua+5NaCl	53	9
1meV	Agua+5NaCl	54	8
1meV	Agua+5NaCl	55	8
1meV	Agua+5NaCl	56	7
1meV	Agua+5NaCl	57	5
1meV	Agua+5NaCl	58	2
1meV	Agua+5NaCl	59	3
1meV	Agua+5NaCl	60	1
1meV	Agua+5NaCl	61	3
1meV	Agua+5NaCl	62	3
1meV	Agua+5NaCl	63	6
1meV	Agua+5NaCl	64	6
1meV	Agua+5NaCl	65	3
1meV	Agua+5NaCl	66	6
1meV	Agua+5NaCl	67	4
1meV	Agua+5NaCl	68	3
1meV	Agua+5NaCl	69	2
1meV	Agua+5NaCl	70	4
1meV	Agua+5NaCl	71	4
1meV	Agua+5NaCl	72	1
1meV	Agua+5NaCl	73	3
1meV	Agua+5NaCl	74	2
1meV	Agua+5NaCl	76	4
1meV	Agua+5NaCl	77	3
1meV	Agua+5NaCl	78	4
1meV	Agua+5NaCl	79	4
1meV	Agua+5NaCl	80	1
1meV	Agua+5NaCl	81	2
1meV	Agua+5NaCl	82	2
1meV	Agua+5NaCl	83	1
1meV	Agua+5NaCl	84	2
1meV	Agua+5NaCl	85	2
1meV	Agua+5NaCl	87	2
1meV	Agua+5NaCl	88	2
1meV	Agua+5NaCl	92	1
1meV	Agua+5NaCl	94	1
1meV	Agua+5NaCl	96	1
1meV	Agua+5NaCl	99	3
1meV	Agua+5NaCl	103	1
1meV	Agua+5NaCl	104	1
1meV	Agua+5NaCl	124	1
1meV	Agua+5NaCl	132	1
1meV	Agua+10NaCl	1	2165
1meV	Agua+10NaCl	2	1774
1meV	Agua+10NaCl	3	1432
1meV	Agua+10NaCl	4	1114
1meV	Agua+10NaCl	5	870
1meV	Agua+10NaCl	6	678
1meV	Agua+10NaCl	7	590
1meV	Agua+10NaCl	8	554
1meV	Agua+10NaCl	9	532
1meV	Agua+10NaCl	10	547
1meV	Agua+10NaCl	11	520
1meV	Agua+10NaCl	12	495
1meV	Agua+10NaCl	13	466
1meV	Agua+10NaCl	14	470
1meV	Agua+10NaCl	15	434
1meV	Agua+10NaCl	16	410
1meV	Agua+10NaCl	17	338
1meV	Agua+10NaCl	18	316
1meV	Agua+10NaCl	19	281
1meV	Agua+10NaCl	20	242
1meV	Agua+10NaCl	21	211
1meV	Agua+10NaCl	22	195
1meV	Agua+10NaCl	23	160
1meV	Agua+10NaCl	24	138
1meV	Agua+10NaCl	25	143
1meV	Agua+10NaCl	26	117
1meV	Agua+10NaCl	27	76
1meV	Agua+10NaCl	28	96
1meV	Agua+10NaCl	29	63
1meV	Agua+10NaCl	30	89
1meV	Agua+10NaCl	31	69
1meV	Agua+10NaCl	32	56
1meV	Agua+10NaCl	33	51
1meV	Agua+10NaCl	34	48
1meV	Agua+10NaCl	35	52
1meV	Agua+10NaCl	36	46
1meV	Agua+10NaCl	37	42
1meV	Agua+10NaCl	38	39
1meV	Agua+10NaCl	39	28
1meV	Agua+10NaCl	40	31
1meV	Agua+10NaCl	41	27
1meV	Agua+10NaCl	42	24
1meV	Agua+10NaCl	43	19
1meV	Agua+10NaCl	44	16
1meV	Agua+10NaCl	45	12
1meV	Agua+10NaCl	46	16
1meV	Agua+10NaCl	47	18
1meV	Agua+10NaCl	48	14
1meV	Agua+10NaCl	49	11
1meV	Agua+10NaCl	50	12
1meV	Agua+10NaCl	51	11
1meV	Agua+10NaCl	52	18
1meV	Agua+10NaCl	53	12
1meV	Agua+10NaCl	54	10
1meV	Agua+10NaCl	55	8
1meV	Agua+10NaCl	56	7
1meV	Agua+10NaCl	57	11
1meV	Agua+10NaCl	58	10
1meV	Agua+10NaCl	59	7
1meV	Agua+10NaCl	60	9
1meV	Agua+10NaCl	61	4
1meV	Agua+10NaCl	62	4
1meV	Agua+10NaCl	63	6
1meV	Agua+10NaCl	64	5
1meV	Agua+10NaCl	65	7
1meV	Agua+10NaCl	66	4
1meV	Agua+10NaCl	67	6
1meV	Agua+10NaCl	68	12
1meV	Agua+10NaCl	69	5
1meV	Agua+10NaCl	70	5
1meV	Agua+10NaCl	71	4
1meV	Agua+10NaCl	72	5
1meV	Agua+10NaCl	73	5
1meV	Agua+10NaCl	74	5
1meV	Agua+10NaCl	75	3
1meV	Agua+10NaCl	76	2
1meV	Agua+10NaCl	77	3
1meV	Agua+10NaCl	78	5
1meV	Agua+10NaCl	80	1
1meV	Agua+10NaCl	81	2
1meV	Agua+10NaCl	82	1
1meV	Agua+10NaCl	83	1
1meV	Agua+10NaCl	85	5
1meV	Agua+10NaCl	86	2
1meV	Agua+10NaCl	87	2
1meV	Agua+10NaCl	88	1
1meV	Agua+10NaCl	89	1
1meV	Agua+10NaCl	90	2
1meV	Agua+10NaCl	91	3
1meV	Agua+10NaCl	92	1
1meV	Agua+10NaCl	93	4
1meV	Agua+10NaCl	94	1
1meV	Agua+10NaCl	95	1
1meV	Agua+10NaCl	96	1
1meV	Agua+10NaCl	99	2
1meV	Agua+10NaCl	101	2
1meV	Agua+10NaCl	102	2
1meV	Agua+10NaCl	104	2
1meV	Agua+10NaCl	105	2
1meV	Agua+10NaCl	106	1
1meV	Agua+10NaCl	114	2
1meV	Agua+10NaCl	117	1
1meV	Agua+10NaCl	136	1
2.5meV	Agua-pura	1	2560
2.5meV	Agua-pura	2	2161
2.5meV	Agua-pura	3	1672
2.5meV	Agua-pura	4	1053
2.5meV	Agua-pura	5	628
2.5meV	Agua-pura	6	418
2.5meV	Agua-pura	7	268
2.5meV	Agua-pura	8	146
2.5meV	Agua-pura	9	112
2.5meV	Agua-pura	10	74
2.5meV	Agua-pura	11	55
2.5meV	Agua-pura	12	45
2.5meV	Agua-pura	13	32
2.5meV	Agua-pura	14	36
2.5meV	Agua-pura	15	18
2.5meV	Agua-pura	16	17
2.5meV	Agua-pura	17	11
2.5meV	Agua-pura	18	15
2.5meV	Agua-pura	19	9
2.5meV	Agua-pura	20	6
2.5meV	Agua-pura	21	5
2.5meV	Agua-pura	22	4
2.5meV	Agua-pura	24	1
2.5meV	Agua-pura	25	1
2.5meV	Agua-pura	26	1
2.5meV	Agua-pura	27	1
2.5meV	Agua-pura	29	1
2.5meV	Agua+2.5NaCl	1	2283
2.5meV	Agua+2.5NaCl	2	2067
2.5meV	Agua+2.5NaCl	3	1481
2.5meV	Agua+2.5NaCl	4	1075
2.5meV	Agua+2.5NaCl	5	730
2.5meV	Agua+2.5NaCl	6	585
2.5meV	Agua+2.5NaCl	7	427
2.5meV	Agua+2.5NaCl	8	347
2.5meV	Agua+2.5NaCl	9	319
2.5meV	Agua+2.5NaCl	10	310
2.5meV	Agua+2.5NaCl	11	270
2.5meV	Agua+2.5NaCl	12	262
2.5meV	Agua+2.5NaCl	13	242
2.5meV	Agua+2.5NaCl	14	211
2.5meV	Agua+2.5NaCl	15	205
2.5meV	Agua+2.5NaCl	16	200
2.5meV	Agua+2.5NaCl	17	144
2.5meV	Agua+2.5NaCl	18	137
2.5meV	Agua+2.5NaCl	19	132
2.5meV	Agua+2.5NaCl	20	108
2.5meV	Agua+2.5NaCl	21	90
2.5meV	Agua+2.5NaCl	22	94
2.5meV	Agua+2.5NaCl	23	80
2.5meV	Agua+2.5NaCl	24	70
2.5meV	Agua+2.5NaCl	25	61
2.5meV	Agua+2.5NaCl	26	59
2.5meV	Agua+2.5NaCl	27	48
2.5meV	Agua+2.5NaCl	28	38
2.5meV	Agua+2.5NaCl	29	43
2.5meV	Agua+2.5NaCl	30	33
2.5meV	Agua+2.5NaCl	31	30
2.5meV	Agua+2.5NaCl	32	18
2.5meV	Agua+2.5NaCl	33	19
2.5meV	Agua+2.5NaCl	34	12
2.5meV	Agua+2.5NaCl	35	17
2.5meV	Agua+2.5NaCl	36	21
2.5meV	Agua+2.5NaCl	37	8
2.5meV	Agua+2.5NaCl	38	10
2.5meV	Agua+2.5NaCl	39	17
2.5meV	Agua+2.5NaCl	40	19
2.5meV	Agua+2.5NaCl	41	10
2.5meV	Agua+2.5NaCl	42	10
2.5meV	Agua+2.5NaCl	43	4
2.5meV	Agua+2.5NaCl	44	12
2.5meV	Agua+2.5NaCl	45	5
2.5meV	Agua+2.5NaCl	46	8
2.5meV	Agua+2.5NaCl	47	7
2.5meV	Agua+2.5NaCl	48	3
2.5meV	Agua+2.5NaCl	49	13
2.5meV	Agua+2.5NaCl	50	5
2.5meV	Agua+2.5NaCl	51	7
2.5meV	Agua+2.5NaCl	52	7
2.5meV	Agua+2.5NaCl	53	6
2.5meV	Agua+2.5NaCl	54	6
2.5meV	Agua+2.5NaCl	55	6
2.5meV	Agua+2.5NaCl	56	3
2.5meV	Agua+2.5NaCl	57	5
2.5meV	Agua+2.5NaCl	58	6
2.5meV	Agua+2.5NaCl	59	3
2.5meV	Agua+2.5NaCl	60	5
2.5meV	Agua+2.5NaCl	61	2
2.5meV	Agua+2.5NaCl	62	6
2.5meV	Agua+2.5NaCl	63	10
2.5meV	Agua+2.5NaCl	64	2
2.5meV	Agua+2.5NaCl	65	3
2.5meV	Agua+2.5NaCl	66	1
2.5meV	Agua+2.5NaCl	67	2
2.5meV	Agua+2.5NaCl	68	4
2.5meV	Agua+2.5NaCl	69	3
2.5meV	Agua+2.5NaCl	70	1
2.5meV	Agua+2.5NaCl	71	4
2.5meV	Agua+2.5NaCl	72	5
2.5meV	Agua+2.5NaCl	73	3
2.5meV	Agua+2.5NaCl	74	2
2.5meV	Agua+2.5NaCl	75	4
2.5meV	Agua+2.5NaCl	76	1
2.5meV	Agua+2.5NaCl	78	3
2.5meV	Agua+2.5NaCl	79	1
2.5meV	Agua+2.5NaCl	80	2
2.5meV	Agua+2.5NaCl	81	3
2.5meV	Agua+2.5NaCl	82	2
2.5meV	Agua+2.5NaCl	84	1
2.5meV	Agua+2.5NaCl	85	1
2.5meV	Agua+2.5NaCl	86	2
2.5meV	Agua+2.5NaCl	90	1
2.5meV	Agua+2.5NaCl	92	1
2.5meV	Agua+2.5NaCl	93	4
2.5meV	Agua+2.5NaCl	96	1
2.5meV	Agua+2.5NaCl	106	1
2.5meV	Agua+2.5NaCl	108	1
2.5meV	Agua+5NaCl	1	2340
2.5meV	Agua+5NaCl	2	1931
2.5meV	Agua+5NaCl	3	1556
2.5meV	Agua+5NaCl	4	1119
2.5meV	Agua+5NaCl	5	838
2.5meV	Agua+5NaCl	6	653
2.5meV	Agua+5NaCl	7	561
2.5meV	Agua+5NaCl	8	466
2.5meV	Agua+5NaCl	9	451
2.5meV	Agua+5NaCl	10	434
2.5meV	Agua+5NaCl	11	412
2.5meV	Agua+5NaCl	12	424
2.5meV	Agua+5NaCl	13	370
2.5meV	Agua+5NaCl	14	343
2.5meV	Agua+5NaCl	15	323
2.5meV	Agua+5NaCl	16	267
2.5meV	Agua+5NaCl	17	259
2.5meV	Agua+5NaCl	18	224
2.5meV	Agua+5NaCl	19	219
2.5meV	Agua+5NaCl	20	169
2.5meV	Agua+5NaCl	21	145
2.5meV	Agua+5NaCl	22	131
2.5meV	Agua+5NaCl	23	119
2.5meV	Agua+5NaCl	24	110
2.5meV	Agua+5NaCl	25	87
2.5meV	Agua+5NaCl	26	83
2.5meV	Agua+5NaCl	27	75
2.5meV	Agua+5NaCl	28	66
2.5meV	Agua+5NaCl	29	67
2.5meV	Agua+5NaCl	30	38
2.5meV	Agua+5NaCl	31	47
2.5meV	Agua+5NaCl	32	42
2.5meV	Agua+5NaCl	33	57
2.5meV	Agua+5NaCl	34	48
2.5meV	Agua+5NaCl	35	31
2.5meV	Agua+5NaCl	36	33
2.5meV	Agua+5NaCl	37	37
2.5meV	Agua+5NaCl	38	34
2.5meV	Agua+5NaCl	39	20
2.5meV	Agua+5NaCl	40	20
2.5meV	Agua+5NaCl	41	18
2.5meV	Agua+5NaCl	42	22
2.5meV	Agua+5NaCl	43	17
2.5meV	Agua+5NaCl	44	15
2.5meV	Agua+5NaCl	45	16
2.5meV	Agua+5NaCl	46	13
2.5meV	Agua+5NaCl	47	13
2.5meV	Agua+5NaCl	48	14
2.5meV	Agua+5NaCl	49	12
2.5meV	Agua+5NaCl	50	9
2.5meV	Agua+5NaCl	51	15
2.5meV	Agua+5NaCl	52	9
2.5meV	Agua+5NaCl	53	5
2.5meV	Agua+5NaCl	54	10
2.5meV	Agua+5NaCl	55	7
2.5meV	Agua+5NaCl	56	8
2.5meV	Agua+5NaCl	57	7
2.5meV	Agua+5NaCl	58	6
2.5meV	Agua+5NaCl	59	9
2.5meV	Agua+5NaCl	60	7
2.5meV	Agua+5NaCl	61	5
2.5meV	Agua+5NaCl	63	1
2.5meV	Agua+5NaCl	64	3
2.5meV	Agua+5NaCl	65	1
2.5meV	Agua+5NaCl	66	6
2.5meV	Agua+5NaCl	67	6
2.5meV	Agua+5NaCl	68	8
2.5meV	Agua+5NaCl	69	5
2.5meV	Agua+5NaCl	70	6
2.5meV	Agua+5NaCl	71	4
2.5meV	Agua+5NaCl	72	4
2.5meV	Agua+5NaCl	73	2
2.5meV	Agua+5NaCl	74	3
2.5meV	Agua+5NaCl	75	1
2.5meV	Agua+5NaCl	76	1
2.5meV	Agua+5NaCl	77	3
2.5meV	Agua+5NaCl	78	4
2.5meV	Agua+5NaCl	80	4
2.5meV	Agua+5NaCl	81	1
2.5meV	Agua+5NaCl	82	2
2.5meV	Agua+5NaCl	83	4
2.5meV	Agua+5NaCl	84	2
2.5meV	Agua+5NaCl	85	3
2.5meV	Agua+5NaCl	86	4
2.5meV	Agua+5NaCl	87	1
2.5meV	Agua+5NaCl	89	3
2.5meV	Agua+5NaCl	91	1
2.5meV	Agua+5NaCl	95	3
2.5meV	Agua+5NaCl	97	1
2.5meV	Agua+5NaCl	98	1
2.5meV	Agua+5NaCl	99	1
2.5meV	Agua+5NaCl	100	2
2.5meV	Agua+5NaCl	104	3
2.5meV	Agua+5NaCl	114	1
2.5meV	Agua+5NaCl	116	1
2.5meV	Agua+10NaCl	1	2506
2.5meV	Agua+10NaCl	2	2062
2.5meV	Agua+10NaCl	3	1700
2.5meV	Agua+10NaCl	4	1243
2.5meV	Agua+10NaCl	5	1000
2.5meV	Agua+10NaCl	6	851
2.5meV	Agua+10NaCl	7	760
2.5meV	Agua+10NaCl	8	677
2.5meV	Agua+10NaCl	9	664
2.5meV	Agua+10NaCl	10	675
2.5meV	Agua+10NaCl	11	598
2.5meV	Agua+10NaCl	12	561
2.5meV	Agua+10NaCl	13	561
2.5meV	Agua+10NaCl	14	555
2.5meV	Agua+10NaCl	15	496
2.5meV	Agua+10NaCl	16	472
2.5meV	Agua+10NaCl	17	383
2.5meV	Agua+10NaCl	18	329
2.5meV	Agua+10NaCl	19	287
2.5meV	Agua+10NaCl	20	235
2.5meV	Agua+10NaCl	21	253
2.5meV	Agua+10NaCl	22	209
2.5meV	Agua+10NaCl	23	177
2.5meV	Agua+10NaCl	24	163
2.5meV	Agua+10NaCl	25	117
2.5meV	Agua+10NaCl	26	140
2.5meV	Agua+10NaCl	27	101
2.5meV	Agua+10NaCl	28	88
2.5meV	Agua+10NaCl	29	94
2.5meV	Agua+10NaCl	30	72
2.5meV	Agua+10NaCl	31	62
2.5meV	Agua+10NaCl	32	83
2.5meV	Agua+10NaCl	33	65
2.5meV	Agua+10NaCl	34	52
2.5meV	Agua+10NaCl	35	55
2.5meV	Agua+10NaCl	36	42
2.5meV	Agua+10NaCl	37	43
2.5meV	Agua+10NaCl	38	43
2.5meV	Agua+10NaCl	39	35
2.5meV	Agua+10NaCl	40	35
2.5meV	Agua+10NaCl	41	26
2.5meV	Agua+10NaCl	42	31
2.5meV	Agua+10NaCl	43	12
2.5meV	Agua+10NaCl	44	26
2.5meV	Agua+10NaCl	45	22
2.5meV	Agua+10NaCl	46	29
2.5meV	Agua+10NaCl	47	20
2.5meV	Agua+10NaCl	48	22
2.5meV	Agua+10NaCl	49	14
2.5meV	Agua+10NaCl	50	12
2.5meV	Agua+10NaCl	51	10
2.5meV	Agua+10NaCl	52	13
2.5meV	Agua+10NaCl	53	14
2.5meV	Agua+10NaCl	54	11
2.5meV	Agua+10NaCl	55	7
2.5meV	Agua+10NaCl	56	16
2.5meV	Agua+10NaCl	57	16
2.5meV	Agua+10NaCl	58	14
2.5meV	Agua+10NaCl	59	9
2.5meV	Agua+10NaCl	60	7
2.5meV	Agua+10NaCl	61	7
2.5meV	Agua+10NaCl	62	6
2.5meV	Agua+10NaCl	63	8
2.5meV	Agua+10NaCl	64	9
2.5meV	Agua+10NaCl	65	4
2.5meV	Agua+10NaCl	66	7
2.5meV	Agua+10NaCl	67	10
2.5meV	Agua+10NaCl	68	6
2.5meV	Agua+10NaCl	69	7
2.5meV	Agua+10NaCl	70	6
2.5meV	Agua+10NaCl	71	7
2.5meV	Agua+10NaCl	72	5
2.5meV	Agua+10NaCl	73	4
2.5meV	Agua+10NaCl	74	7
2.5meV	Agua+10NaCl	75	4
2.5meV	Agua+10NaCl	76	2
2.5meV	Agua+10NaCl	77	3
2.5meV	Agua+10NaCl	78	3
2.5meV	Agua+10NaCl	79	5
2.5meV	Agua+10NaCl	80	2
2.5meV	Agua+10NaCl	81	6
2.5meV	Agua+10NaCl	82	3
2.5meV	Agua+10NaCl	83	5
2.5meV	Agua+10NaCl	84	1
2.5meV	Agua+10NaCl	85	5
2.5meV	Agua+10NaCl	87	4
2.5meV	Agua+10NaCl	88	3
2.5meV	Agua+10NaCl	89	4
2.5meV	Agua+10NaCl	90	2
2.5meV	Agua+10NaCl	91	2
2.5meV	Agua+10NaCl	92	3
2.5meV	Agua+10NaCl	93	1
2.5meV	Agua+10NaCl	95	1
2.5meV	Agua+10NaCl	96	2
2.5meV	Agua+10NaCl	97	1
2.5meV	Agua+10NaCl	98	3
2.5meV	Agua+10NaCl	99	3
2.5meV	Agua+10NaCl	101	1
2.5meV	Agua+10NaCl	103	3
2.5meV	Agua+10NaCl	105	1
2.5meV	Agua+10NaCl	106	1
2.5meV	Agua+10NaCl	110	1
2.5meV	Agua+10NaCl	111	1
2.5meV	Agua+10NaCl	112	1
2.5meV	Agua+10NaCl	128	1
2.5meV	Agua+10NaCl	148	1
5meV	Agua-pura	1	2834
5meV	Agua-pura	2	2502
5meV	Agua-pura	3	1880
5meV	Agua-pura	4	1203
5meV	Agua-pura	5	687
5meV	Agua-pura	6	411
5meV	Agua-pura	7	240
5meV	Agua-pura	8	192
5meV	Agua-pura	9	110
5meV	Agua-pura	10	75
5meV	Agua-pura	11	54
5meV	Agua-pura	12	41
5meV	Agua-pura	13	41
5meV	Agua-pura	14	20
5meV	Agua-pura	15	28
5meV	Agua-pura	16	19
5meV	Agua-pura	17	14
5meV	Agua-pura	18	9
5meV	Agua-pura	19	10
5meV	Agua-pura	20	6
5meV	Agua-pura	21	3
5meV	Agua-pura	22	5
5meV	Agua-pura	23	3
5meV	Agua-pura	25	3
5meV	Agua-pura	26	1
5meV	Agua-pura	27	2
5meV	Agua-pura	28	1
5meV	Agua-pura	31	1
5meV	Agua-pura	43	1
5meV	Agua+2.5NaCl	1	2637
5meV	Agua+2.5NaCl	2	2351
5meV	Agua+2.5NaCl	3	1657
5meV	Agua+2.5NaCl	4	1164
5meV	Agua+2.5NaCl	5	881
5meV	Agua+2.5NaCl	6	591
5meV	Agua+2.5NaCl	7	484
5meV	Agua+2.5NaCl	8	382
5meV	Agua+2.5NaCl	9	366
5meV	Agua+2.5NaCl	10	313
5meV	Agua+2.5NaCl	11	327
5meV	Agua+2.5NaCl	12	278
5meV	Agua+2.5NaCl	13	292
5meV	Agua+2.5NaCl	14	240
5meV	Agua+2.5NaCl	15	226
5meV	Agua+2.5NaCl	16	215
5meV	Agua+2.5NaCl	17	186
5meV	Agua+2.5NaCl	18	160
5meV	Agua+2.5NaCl	19	143
5meV	Agua+2.5NaCl	20	135
5meV	Agua+2.5NaCl	21	100
5meV	Agua+2.5NaCl	22	104
5meV	Agua+2.5NaCl	23	91
5meV	Agua+2.5NaCl	24	72
5meV	Agua+2.5NaCl	25	64
5meV	Agua+2.5NaCl	26	52
5meV	Agua+2.5NaCl	27	40
5meV	Agua+2.5NaCl	28	42
5meV	Agua+2.5NaCl	29	39
5meV	Agua+2.5NaCl	30	32
5meV	Agua+2.5NaCl	31	33
5meV	Agua+2.5NaCl	32	33
5meV	Agua+2.5NaCl	33	23
5meV	Agua+2.5NaCl	34	25
5meV	Agua+2.5NaCl	35	20
5meV	Agua+2.5NaCl	36	19
5meV	Agua+2.5NaCl	37	16
5meV	Agua+2.5NaCl	38	13
5meV	Agua+2.5NaCl	39	19
5meV	Agua+2.5NaCl	40	17
5meV	Agua+2.5NaCl	41	16
5meV	Agua+2.5NaCl	42	16
5meV	Agua+2.5NaCl	43	14
5meV	Agua+2.5NaCl	44	9
5meV	Agua+2.5NaCl	45	11
5meV	Agua+2.5NaCl	46	9
5meV	Agua+2.5NaCl	47	4
5meV	Agua+2.5NaCl	48	5
5meV	Agua+2.5NaCl	49	6
5meV	Agua+2.5NaCl	50	14
5meV	Agua+2.5NaCl	51	10
5meV	Agua+2.5NaCl	52	6
5meV	Agua+2.5NaCl	53	4
5meV	Agua+2.5NaCl	54	4
5meV	Agua+2.5NaCl	55	4
5meV	Agua+2.5NaCl	56	14
5meV	Agua+2.5NaCl	57	4
5meV	Agua+2.5NaCl	58	6
5meV	Agua+2.5NaCl	59	4
5meV	Agua+2.5NaCl	60	5
5meV	Agua+2.5NaCl	61	5
5meV	Agua+2.5NaCl	62	2
5meV	Agua+2.5NaCl	63	5
5meV	Agua+2.5NaCl	64	3
5meV	Agua+2.5NaCl	65	3
5meV	Agua+2.5NaCl	66	4
5meV	Agua+2.5NaCl	67	3
5meV	Agua+2.5NaCl	68	5
5meV	Agua+2.5NaCl	69	3
5meV	Agua+2.5NaCl	70	1
5meV	Agua+2.5NaCl	71	1
5meV	Agua+2.5NaCl	72	1
5meV	Agua+2.5NaCl	73	1
5meV	Agua+2.5NaCl	74	3
5meV	Agua+2.5NaCl	75	5
5meV	Agua+2.5NaCl	76	2
5meV	Agua+2.5NaCl	77	2
5meV	Agua+2.5NaCl	78	4
5meV	Agua+2.5NaCl	79	4
5meV	Agua+2.5NaCl	80	1
5meV	Agua+2.5NaCl	81	1
5meV	Agua+2.5NaCl	83	2
5meV	Agua+2.5NaCl	84	3
5meV	Agua+2.5NaCl	86	1
5meV	Agua+2.5NaCl	87	4
5meV	Agua+2.5NaCl	88	3
5meV	Agua+2.5NaCl	89	1
5meV	Agua+2.5NaCl	90	1
5meV	Agua+2.5NaCl	91	2
5meV	Agua+2.5NaCl	92	2
5meV	Agua+2.5NaCl	96	1
5meV	Agua+2.5NaCl	97	3
5meV	Agua+2.5NaCl	101	2
5meV	Agua+2.5NaCl	105	1
5meV	Agua+5NaCl	1	2659
5meV	Agua+5NaCl	2	2242
5meV	Agua+5NaCl	3	1723
5meV	Agua+5NaCl	4	1280
5meV	Agua+5NaCl	5	915
5meV	Agua+5NaCl	6	763
5meV	Agua+5NaCl	7	578
5meV	Agua+5NaCl	8	551
5meV	Agua+5NaCl	9	512
5meV	Agua+5NaCl	10	439
5meV	Agua+5NaCl	11	456
5meV	Agua+5NaCl	12	454
5meV	Agua+5NaCl	13	436
5meV	Agua+5NaCl	14	385
5meV	Agua+5NaCl	15	330
5meV	Agua+5NaCl	16	298
5meV	Agua+5NaCl	17	293
5meV	Agua+5NaCl	18	273
5meV	Agua+5NaCl	19	209
5meV	Agua+5NaCl	20	186
5meV	Agua+5NaCl	21	183
5meV	Agua+5NaCl	22	137
5meV	Agua+5NaCl	23	138
5meV	Agua+5NaCl	24	121
5meV	Agua+5NaCl	25	103
5meV	Agua+5NaCl	26	99
5meV	Agua+5NaCl	27	86
5meV	Agua+5NaCl	28	75
5meV	Agua+5NaCl	29	59
5meV	Agua+5NaCl	30	51
5meV	Agua+5NaCl	31	47
5meV	Agua+5NaCl	32	50
5meV	Agua+5NaCl	33	50
5meV	Agua+5NaCl	34	49
5meV	Agua+5NaCl	35	41
5meV	Agua+5NaCl	36	36
5meV	Agua+5NaCl	37	25
5meV	Agua+5NaCl	38	25
5meV	Agua+5NaCl	39	28
5meV	Agua+5NaCl	40	32
5meV	Agua+5NaCl	41	23
5meV	Agua+5NaCl	42	21
5meV	Agua+5NaCl	43	21
5meV	Agua+5NaCl	44	18
5meV	Agua+5NaCl	45	10
5meV	Agua+5NaCl	46	18
5meV	Agua+5NaCl	47	15
5meV	Agua+5NaCl	48	15
5meV	Agua+5NaCl	49	16
5meV	Agua+5NaCl	50	10
5meV	Agua+5NaCl	51	12
5meV	Agua+5NaCl	52	9
5meV	Agua+5NaCl	53	8
5meV	Agua+5NaCl	54	9
5meV	Agua+5NaCl	55	7
5meV	Agua+5NaCl	56	9
5meV	Agua+5NaCl	57	6
5meV	Agua+5NaCl	58	5
5meV	Agua+5NaCl	59	11
5meV	Agua+5NaCl	60	4
5meV	Agua+5NaCl	61	12
5meV	Agua+5NaCl	62	3
5meV	Agua+5NaCl	63	5
5meV	Agua+5NaCl	64	4
5meV	Agua+5NaCl	65	7
5meV	Agua+5NaCl	66	7
5meV	Agua+5NaCl	67	8
5meV	Agua+5NaCl	68	7
5meV	Agua+5NaCl	69	1
5meV	Agua+5NaCl	70	7
5meV	Agua+5NaCl	71	4
5meV	Agua+5NaCl	72	3
5meV	Agua+5NaCl	73	3
5meV	Agua+5NaCl	74	3
5meV	Agua+5NaCl	75	5
5meV	Agua+5NaCl	76	1
5meV	Agua+5NaCl	77	3
5meV	Agua+5NaCl	78	1
5meV	Agua+5NaCl	80	3
5meV	Agua+5NaCl	81	1
5meV	Agua+5NaCl	82	3
5meV	Agua+5NaCl	83	1
5meV	Agua+5NaCl	84	2
5meV	Agua+5NaCl	85	1
5meV	Agua+5NaCl	86	2
5meV	Agua+5NaCl	88	2
5meV	Agua+5NaCl	89	1
5meV	Agua+5NaCl	90	2
5meV	Agua+5NaCl	91	3
5meV	Agua+5NaCl	92	2
5meV	Agua+5NaCl	93	1
5meV	Agua+5NaCl	94	2
5meV	Agua+5NaCl	95	1
5meV	Agua+5NaCl	96	1
5meV	Agua+5NaCl	98	1
5meV	Agua+5NaCl	99	2
5meV	Agua+5NaCl	100	1
5meV	Agua+5NaCl	103	1
5meV	Agua+5NaCl	111	2
5meV	Agua+5NaCl	112	1
5meV	Agua+5NaCl	118	1
5meV	Agua+5NaCl	123	1
5meV	Agua+10NaCl	1	2711
5meV	Agua+10NaCl	2	2329
5meV	Agua+10NaCl	3	1816
5meV	Agua+10NaCl	4	1414
5meV	Agua+10NaCl	5	1162
5meV	Agua+10NaCl	6	938
5meV	Agua+10NaCl	7	854
5meV	Agua+10NaCl	8	744
5meV	Agua+10NaCl	9	749
5meV	Agua+10NaCl	10	703
5meV	Agua+10NaCl	11	650
5meV	Agua+10NaCl	12	630
5meV	Agua+10NaCl	13	617
5meV	Agua+10NaCl	14	600
5meV	Agua+10NaCl	15	528
5meV	Agua+10NaCl	16	466
5meV	Agua+10NaCl	17	412
5meV	Agua+10NaCl	18	377
5meV	Agua+10NaCl	19	337
5meV	Agua+10NaCl	20	308
5meV	Agua+10NaCl	21	276
5meV	Agua+10NaCl	22	241
5meV	Agua+10NaCl	23	196
5meV	Agua+10NaCl	24	187
5meV	Agua+10NaCl	25	157
5meV	Agua+10NaCl	26	166
5meV	Agua+10NaCl	27	112
5meV	Agua+10NaCl	28	141
5meV	Agua+10NaCl	29	113
5meV	Agua+10NaCl	30	104
5meV	Agua+10NaCl	31	98
5meV	Agua+10NaCl	32	73
5meV	Agua+10NaCl	33	58
5meV	Agua+10NaCl	34	67
5meV	Agua+10NaCl	35	67
5meV	Agua+10NaCl	36	54
5meV	Agua+10NaCl	37	53
5meV	Agua+10NaCl	38	47
5meV	Agua+10NaCl	39	40
5meV	Agua+10NaCl	40	27
5meV	Agua+10NaCl	41	24
5meV	Agua+10NaCl	42	27
5meV	Agua+10NaCl	43	40
5meV	Agua+10NaCl	44	30
5meV	Agua+10NaCl	45	21
5meV	Agua+10NaCl	46	21
5meV	Agua+10NaCl	47	20
5meV	Agua+10NaCl	48	14
5meV	Agua+10NaCl	49	20
5meV	Agua+10NaCl	50	14
5meV	Agua+10NaCl	51	27
5meV	Agua+10NaCl	52	15
5meV	Agua+10NaCl	53	16
5meV	Agua+10NaCl	54	21
5meV	Agua+10NaCl	55	9
5meV	Agua+10NaCl	56	13
5meV	Agua+10NaCl	57	11
5meV	Agua+10NaCl	58	13
5meV	Agua+10NaCl	59	10
5meV	Agua+10NaCl	60	9
5meV	Agua+10NaCl	61	16
5meV	Agua+10NaCl	62	8
5meV	Agua+10NaCl	63	12
5meV	Agua+10NaCl	64	9
5meV	Agua+10NaCl	65	7
5meV	Agua+10NaCl	66	7
5meV	Agua+10NaCl	67	10
5meV	Agua+10NaCl	68	4
5meV	Agua+10NaCl	69	5
5meV	Agua+10NaCl	70	6
5meV	Agua+10NaCl	71	7
5meV	Agua+10NaCl	72	4
5meV	Agua+10NaCl	73	7
5meV	Agua+10NaCl	74	5
5meV	Agua+10NaCl	75	3
5meV	Agua+10NaCl	76	6
5meV	Agua+10NaCl	77	3
5meV	Agua+10NaCl	78	3
5meV	Agua+10NaCl	79	2
5meV	Agua+10NaCl	80	5
5meV	Agua+10NaCl	81	5
5meV	Agua+10NaCl	82	7
5meV	Agua+10NaCl	83	2
5meV	Agua+10NaCl	84	4
5meV	Agua+10NaCl	85	1
5meV	Agua+10NaCl	86	3
5meV	Agua+10NaCl	87	3
5meV	Agua+10NaCl	88	1
5meV	Agua+10NaCl	89	2
5meV	Agua+10NaCl	90	2
5meV	Agua+10NaCl	91	2
5meV	Agua+10NaCl	92	3
5meV	Agua+10NaCl	95	2
5meV	Agua+10NaCl	96	2
5meV	Agua+10NaCl	97	3
5meV	Agua+10NaCl	99	1
5meV	Agua+10NaCl	100	2
5meV	Agua+10NaCl	101	1
5meV	Agua+10NaCl	102	1
5meV	Agua+10NaCl	103	1
5meV	Agua+10NaCl	104	2
5meV	Agua+10NaCl	105	1
5meV	Agua+10NaCl	108	1
5meV	Agua+10NaCl	110	1
5meV	Agua+10NaCl	117	1
5meV	Agua+10NaCl	118	1
5meV	Agua+10NaCl	120	1
5meV	Agua+10NaCl	121	1
7meV	Agua-pura	1	3059
7meV	Agua-pura	2	2675
7meV	Agua-pura	3	1927
7meV	Agua-pura	4	1255
7meV	Agua-pura	5	728
7meV	Agua-pura	6	496
7meV	Agua-pura	7	303
7meV	Agua-pura	8	177
7meV	Agua-pura	9	121
7meV	Agua-pura	10	94
7meV	Agua-pura	11	65
7meV	Agua-pura	12	34
7meV	Agua-pura	13	32
7meV	Agua-pura	14	27
7meV	Agua-pura	15	21
7meV	Agua-pura	16	17
7meV	Agua-pura	17	17
7meV	Agua-pura	18	11
7meV	Agua-pura	19	10
7meV	Agua-pura	20	9
7meV	Agua-pura	21	5
7meV	Agua-pura	22	4
7meV	Agua-pura	23	4
7meV	Agua-pura	24	2
7meV	Agua-pura	25	4
7meV	Agua-pura	26	2
7meV	Agua-pura	28	2
7meV	Agua-pura	30	1
7meV	Agua-pura	37	1
7meV	Agua+2.5NaCl	1	2775
7meV	Agua+2.5NaCl	2	2451
7meV	Agua+2.5NaCl	3	1856
7meV	Agua+2.5NaCl	4	1319
7meV	Agua+2.5NaCl	5	906
7meV	Agua+2.5NaCl	6	633
7meV	Agua+2.5NaCl	7	491
7meV	Agua+2.5NaCl	8	450
7meV	Agua+2.5NaCl	9	362
7meV	Agua+2.5NaCl	10	335
7meV	Agua+2.5NaCl	11	361
7meV	Agua+2.5NaCl	12	301
7meV	Agua+2.5NaCl	13	311
7meV	Agua+2.5NaCl	14	258
7meV	Agua+2.5NaCl	15	271
7meV	Agua+2.5NaCl	16	226
7meV	Agua+2.5NaCl	17	198
7meV	Agua+2.5NaCl	18	180
7meV	Agua+2.5NaCl	19	164
7meV	Agua+2.5NaCl	20	128
7meV	Agua+2.5NaCl	21	117
7meV	Agua+2.5NaCl	22	96
7meV	Agua+2.5NaCl	23	110
7meV	Agua+2.5NaCl	24	77
7meV	Agua+2.5NaCl	25	81
7meV	Agua+2.5NaCl	26	61
7meV	Agua+2.5NaCl	27	50
7meV	Agua+2.5NaCl	28	58
7meV	Agua+2.5NaCl	29	40
7meV	Agua+2.5NaCl	30	39
7meV	Agua+2.5NaCl	31	40
7meV	Agua+2.5NaCl	32	33
7meV	Agua+2.5NaCl	33	20
7meV	Agua+2.5NaCl	34	14
7meV	Agua+2.5NaCl	35	19
7meV	Agua+2.5NaCl	36	28
7meV	Agua+2.5NaCl	37	27
7meV	Agua+2.5NaCl	38	21
7meV	Agua+2.5NaCl	39	20
7meV	Agua+2.5NaCl	40	13
7meV	Agua+2.5NaCl	41	16
7meV	Agua+2.5NaCl	42	11
7meV	Agua+2.5NaCl	43	16
7meV	Agua+2.5NaCl	44	9
7meV	Agua+2.5NaCl	45	7
7meV	Agua+2.5NaCl	46	11
7meV	Agua+2.5NaCl	47	8
7meV	Agua+2.5NaCl	48	5
7meV	Agua+2.5NaCl	49	9
7meV	Agua+2.5NaCl	50	11
7meV	Agua+2.5NaCl	51	5
7meV	Agua+2.5NaCl	52	5
7meV	Agua+2.5NaCl	53	6
7meV	Agua+2.5NaCl	54	5
7meV	Agua+2.5NaCl	55	11
7meV	Agua+2.5NaCl	56	6
7meV	Agua+2.5NaCl	57	3
7meV	Agua+2.5NaCl	58	8
7meV	Agua+2.5NaCl	59	4
7meV	Agua+2.5NaCl	60	4
7meV	Agua+2.5NaCl	61	5
7meV	Agua+2.5NaCl	62	2
7meV	Agua+2.5NaCl	63	8
7meV	Agua+2.5NaCl	64	4
7meV	Agua+2.5NaCl	65	3
7meV	Agua+2.5NaCl	66	3
7meV	Agua+2.5NaCl	67	3
7meV	Agua+2.5NaCl	68	2
7meV	Agua+2.5NaCl	69	2
7meV	Agua+2.5NaCl	70	4
7meV	Agua+2.5NaCl	71	3
7meV	Agua+2.5NaCl	72	2
7meV	Agua+2.5NaCl	73	1
7meV	Agua+2.5NaCl	74	1
7meV	Agua+2.5NaCl	75	6
7meV	Agua+2.5NaCl	76	1
7meV	Agua+2.5NaCl	77	3
7meV	Agua+2.5NaCl	79	2
7meV	Agua+2.5NaCl	81	2
7meV	Agua+2.5NaCl	82	1
7meV	Agua+2.5NaCl	84	3
7meV	Agua+2.5NaCl	85	2
7meV	Agua+2.5NaCl	86	1
7meV	Agua+2.5NaCl	87	1
7meV	Agua+2.5NaCl	88	2
7meV	Agua+2.5NaCl	89	1
7meV	Agua+2.5NaCl	91	2
7meV	Agua+2.5NaCl	93	2
7meV	Agua+2.5NaCl	94	1
7meV	Agua+2.5NaCl	96	1
7meV	Agua+2.5NaCl	97	1
7meV	Agua+2.5NaCl	98	1
7meV	Agua+2.5NaCl	99	2
7meV	Agua+2.5NaCl	101	1
7meV	Agua+2.5NaCl	103	4
7meV	Agua+2.5NaCl	111	1
7meV	Agua+5NaCl	1	2831
7meV	Agua+5NaCl	2	2445
7meV	Agua+5NaCl	3	1889
7meV	Agua+5NaCl	4	1334
7meV	Agua+5NaCl	5	1014
7meV	Agua+5NaCl	6	772
7meV	Agua+5NaCl	7	630
7meV	Agua+5NaCl	8	550
7meV	Agua+5NaCl	9	484
7meV	Agua+5NaCl	10	505
7meV	Agua+5NaCl	11	460
7meV	Agua+5NaCl	12	482
7meV	Agua+5NaCl	13	439
7meV	Agua+5NaCl	14	418
7meV	Agua+5NaCl	15	356
7meV	Agua+5NaCl	16	366
7meV	Agua+5NaCl	17	302
7meV	Agua+5NaCl	18	300
7meV	Agua+5NaCl	19	204
7meV	Agua+5NaCl	20	206
7meV	Agua+5NaCl	21	163
7meV	Agua+5NaCl	22	152
7meV	Agua+5NaCl	23	130
7meV	Agua+5NaCl	24	109
7meV	Agua+5NaCl	25	111
7meV	Agua+5NaCl	26	89
7meV	Agua+5NaCl	27	89
7meV	Agua+5NaCl	28	80
7meV	Agua+5NaCl	29	74
7meV	Agua+5NaCl	30	63
7meV	Agua+5NaCl	31	49
7meV	Agua+5NaCl	32	48
7meV	Agua+5NaCl	33	40
7meV	Agua+5NaCl	34	36
7meV	Agua+5NaCl	35	40
7meV	Agua+5NaCl	36	39
7meV	Agua+5NaCl	37	36
7meV	Agua+5NaCl	38	33
7meV	Agua+5NaCl	39	31
7meV	Agua+5NaCl	40	21
7meV	Agua+5NaCl	41	22
7meV	Agua+5NaCl	42	19
7meV	Agua+5NaCl	43	15
7meV	Agua+5NaCl	44	14
7meV	Agua+5NaCl	45	14
7meV	Agua+5NaCl	46	18
7meV	Agua+5NaCl	47	10
7meV	Agua+5NaCl	48	13
7meV	Agua+5NaCl	49	12
7meV	Agua+5NaCl	50	14
7meV	Agua+5NaCl	51	9
7meV	Agua+5NaCl	52	11
7meV	Agua+5NaCl	53	11
7meV	Agua+5NaCl	54	14
7meV	Agua+5NaCl	55	7
7meV	Agua+5NaCl	56	8
7meV	Agua+5NaCl	57	2
7meV	Agua+5NaCl	58	9
7meV	Agua+5NaCl	59	6
7meV	Agua+5NaCl	60	6
7meV	Agua+5NaCl	61	7
7meV	Agua+5NaCl	62	5
7meV	Agua+5NaCl	63	4
7meV	Agua+5NaCl	64	6
7meV	Agua+5NaCl	65	7
7meV	Agua+5NaCl	66	3
7meV	Agua+5NaCl	67	10
7meV	Agua+5NaCl	68	5
7meV	Agua+5NaCl	69	10
7meV	Agua+5NaCl	70	5
7meV	Agua+5NaCl	71	3
7meV	Agua+5NaCl	72	5
7meV	Agua+5NaCl	74	2
7meV	Agua+5NaCl	75	3
7meV	Agua+5NaCl	76	7
7meV	Agua+5NaCl	77	4
7meV	Agua+5NaCl	78	4
7meV	Agua+5NaCl	79	3
7meV	Agua+5NaCl	80	4
7meV	Agua+5NaCl	81	6
7meV	Agua+5NaCl	82	5
7meV	Agua+5NaCl	83	3
7meV	Agua+5NaCl	84	2
7meV	Agua+5NaCl	85	4
7meV	Agua+5NaCl	86	1
7meV	Agua+5NaCl	87	1
7meV	Agua+5NaCl	88	1
7meV	Agua+5NaCl	89	2
7meV	Agua+5NaCl	90	1
7meV	Agua+5NaCl	91	1
7meV	Agua+5NaCl	92	1
7meV	Agua+5NaCl	94	2
7meV	Agua+5NaCl	96	1
7meV	Agua+5NaCl	100	1
7meV	Agua+5NaCl	103	1
7meV	Agua+5NaCl	105	1
7meV	Agua+5NaCl	106	1
7meV	Agua+5NaCl	109	1
7meV	Agua+5NaCl	112	2
7meV	Agua+5NaCl	114	1
7meV	Agua+5NaCl	118	1
7meV	Agua+5NaCl	121	1
7meV	Agua+5NaCl	140	1
7meV	Agua+10NaCl	1	2832
7meV	Agua+10NaCl	2	2508
7meV	Agua+10NaCl	3	1895
7meV	Agua+10NaCl	4	1540
7meV	Agua+10NaCl	5	1207
7meV	Agua+10NaCl	6	977
7meV	Agua+10NaCl	7	833
7meV	Agua+10NaCl	8	776
7meV	Agua+10NaCl	9	766
7meV	Agua+10NaCl	10	721
7meV	Agua+10NaCl	11	767
7meV	Agua+10NaCl	12	671
7meV	Agua+10NaCl	13	653
7meV	Agua+10NaCl	14	637
7meV	Agua+10NaCl	15	544
7meV	Agua+10NaCl	16	541
7meV	Agua+10NaCl	17	466
7meV	Agua+10NaCl	18	439
7meV	Agua+10NaCl	19	339
7meV	Agua+10NaCl	20	314
7meV	Agua+10NaCl	21	273
7meV	Agua+10NaCl	22	215
7meV	Agua+10NaCl	23	216
7meV	Agua+10NaCl	24	192
7meV	Agua+10NaCl	25	173
7meV	Agua+10NaCl	26	169
7meV	Agua+10NaCl	27	127
7meV	Agua+10NaCl	28	130
7meV	Agua+10NaCl	29	125
7meV	Agua+10NaCl	30	107
7meV	Agua+10NaCl	31	97
7meV	Agua+10NaCl	32	86
7meV	Agua+10NaCl	33	90
7meV	Agua+10NaCl	34	65
7meV	Agua+10NaCl	35	56
7meV	Agua+10NaCl	36	63
7meV	Agua+10NaCl	37	57
7meV	Agua+10NaCl	38	45
7meV	Agua+10NaCl	39	47
7meV	Agua+10NaCl	40	39
7meV	Agua+10NaCl	41	29
7meV	Agua+10NaCl	42	31
7meV	Agua+10NaCl	43	41
7meV	Agua+10NaCl	44	25
7meV	Agua+10NaCl	45	25
7meV	Agua+10NaCl	46	28
7meV	Agua+10NaCl	47	11
7meV	Agua+10NaCl	48	28
7meV	Agua+10NaCl	49	19
7meV	Agua+10NaCl	50	17
7meV	Agua+10NaCl	51	9
7meV	Agua+10NaCl	52	14
7meV	Agua+10NaCl	53	14
7meV	Agua+10NaCl	54	15
7meV	Agua+10NaCl	55	14
7meV	Agua+10NaCl	56	13
7meV	Agua+10NaCl	57	13
7meV	Agua+10NaCl	58	13
7meV	Agua+10NaCl	59	8
7meV	Agua+10NaCl	60	19
7meV	Agua+10NaCl	61	15
7meV	Agua+10NaCl	62	4
7meV	Agua+10NaCl	63	11
7meV	Agua+10NaCl	64	11
7meV	Agua+10NaCl	65	12
7meV	Agua+10NaCl	66	8
7meV	Agua+10NaCl	67	11
7meV	Agua+10NaCl	68	9
7meV	Agua+10NaCl	69	8
7meV	Agua+10NaCl	70	4
7meV	Agua+10NaCl	71	4
7meV	Agua+10NaCl	72	4
7meV	Agua+10NaCl	73	5
7meV	Agua+10NaCl	74	7
7meV	Agua+10NaCl	75	5
7meV	Agua+10NaCl	76	5
7meV	Agua+10NaCl	77	8
7meV	Agua+10NaCl	78	5
7meV	Agua+10NaCl	79	7
7meV	Agua+10NaCl	80	2
7meV	Agua+10NaCl	81	4
7meV	Agua+10NaCl	82	5
7meV	Agua+10NaCl	83	2
7meV	Agua+10NaCl	84	1
7meV	Agua+10NaCl	85	6
7meV	Agua+10NaCl	86	1
7meV	Agua+10NaCl	87	2
7meV	Agua+10NaCl	88	4
7meV	Agua+10NaCl	90	4
7meV	Agua+10NaCl	91	1
7meV	Agua+10NaCl	92	1
7meV	Agua+10NaCl	93	2
7meV	Agua+10NaCl	94	1
7meV	Agua+10NaCl	95	3
7meV	Agua+10NaCl	96	1
7meV	Agua+10NaCl	97	2
7meV	Agua+10NaCl	98	2
7meV	Agua+10NaCl	101	1
7meV	Agua+10NaCl	102	1
7meV	Agua+10NaCl	103	1
7meV	Agua+10NaCl	106	1
7meV	Agua+10NaCl	114	1
7meV	Agua+10NaCl	119	1
10meV	Agua-pura	1	3240
10meV	Agua-pura	2	2842
10meV	Agua-pura	3	2030
10meV	Agua-pura	4	1299
10meV	Agua-pura	5	872
10meV	Agua-pura	6	515
10meV	Agua-pura	7	296
10meV	Agua-pura	8	217
10meV	Agua-pura	9	118
10meV	Agua-pura	10	89
10meV	Agua-pura	11	75
10meV	Agua-pura	12	55
10meV	Agua-pura	13	31
10meV	Agua-pura	14	35
10meV	Agua-pura	15	26
10meV	Agua-pura	16	21
10meV	Agua-pura	17	15
10meV	Agua-pura	18	17
10meV	Agua-pura	19	12
10meV	Agua-pura	20	11
10meV	Agua-pura	21	2
10meV	Agua-pura	23	2
10meV	Agua-pura	24	4
10meV	Agua-pura	26	2
10meV	Agua-pura	28	1
10meV	Agua-pura	29	1
10meV	Agua-pura	43	1
10meV	Agua+2.5NaCl	1	3001
10meV	Agua+2.5NaCl	2	2545
10meV	Agua+2.5NaCl	3	1942
10meV	Agua+2.5NaCl	4	1397
10meV	Agua+2.5NaCl	5	889
10meV	Agua+2.5NaCl	6	653
10meV	Agua+2.5NaCl	7	509
10meV	Agua+2.5NaCl	8	458
10meV	Agua+2.5NaCl	9	413
10meV	Agua+2.5NaCl	10	364
10meV	Agua+2.5NaCl	11	322
10meV	Agua+2.5NaCl	12	324
10meV	Agua+2.5NaCl	13	309
10meV	Agua+2.5NaCl	14	274
10meV	Agua+2.5NaCl	15	262
10meV	Agua+2.5NaCl	16	247
10meV	Agua+2.5NaCl	17	189
10meV	Agua+2.5NaCl	18	209
10meV	Agua+2.5NaCl	19	160
10meV	Agua+2.5NaCl	20	158
10meV	Agua+2.5NaCl	21	142
10meV	Agua+2.5NaCl	22	94
10meV	Agua+2.5NaCl	23	80
10meV	Agua+2.5NaCl	24	100
10meV	Agua+2.5NaCl	25	70
10meV	Agua+2.5NaCl	26	82
10meV	Agua+2.5NaCl	27	66
10meV	Agua+2.5NaCl	28	58
10meV	Agua+2.5NaCl	29	49
10meV	Agua+2.5NaCl	30	39
10meV	Agua+2.5NaCl	31	44
10meV	Agua+2.5NaCl	32	31
10meV	Agua+2.5NaCl	33	33
10meV	Agua+2.5NaCl	34	27
10meV	Agua+2.5NaCl	35	37
10meV	Agua+2.5NaCl	36	27
10meV	Agua+2.5NaCl	37	24
10meV	Agua+2.5NaCl	38	21
10meV	Agua+2.5NaCl	39	20
10meV	Agua+2.5NaCl	40	13
10meV	Agua+2.5NaCl	41	13
10meV	Agua+2.5NaCl	42	21
10meV	Agua+2.5NaCl	43	19
10meV	Agua+2.5NaCl	44	13
10meV	Agua+2.5NaCl	45	18
10meV	Agua+2.5NaCl	46	14
10meV	Agua+2.5NaCl	47	5
10meV	Agua+2.5NaCl	48	6
10meV	Agua+2.5NaCl	49	10
10meV	Agua+2.5NaCl	50	7
10meV	Agua+2.5NaCl	51	11
10meV	Agua+2.5NaCl	52	7
10meV	Agua+2.5NaCl	53	7
10meV	Agua+2.5NaCl	54	4
10meV	Agua+2.5NaCl	55	3
10meV	Agua+2.5NaCl	56	4
10meV	Agua+2.5NaCl	57	4
10meV	Agua+2.5NaCl	58	6
10meV	Agua+2.5NaCl	59	8
10meV	Agua+2.5NaCl	60	7
10meV	Agua+2.5NaCl	61	3
10meV	Agua+2.5NaCl	62	6
10meV	Agua+2.5NaCl	63	3
10meV	Agua+2.5NaCl	64	6
10meV	Agua+2.5NaCl	65	4
10meV	Agua+2.5NaCl	66	3
10meV	Agua+2.5NaCl	67	3
10meV	Agua+2.5NaCl	69	3
10meV	Agua+2.5NaCl	70	1
10meV	Agua+2.5NaCl	71	2
10meV	Agua+2.5NaCl	72	5
10meV	Agua+2.5NaCl	73	2
10meV	Agua+2.5NaCl	74	1
10meV	Agua+2.5NaCl	75	3
10meV	Agua+2.5NaCl	76	4
10meV	Agua+2.5NaCl	78	1
10meV	Agua+2.5NaCl	79	1
10meV	Agua+2.5NaCl	80	2
10meV	Agua+2.5NaCl	81	2
10meV	Agua+2.5NaCl	82	1
10meV	Agua+2.5NaCl	83	1
10meV	Agua+2.5NaCl	84	2
10meV	Agua+2.5NaCl	85	2
10meV	Agua+2.5NaCl	86	1
10meV	Agua+2.5NaCl	87	1
10meV	Agua+2.5NaCl	88	1
10meV	Agua+2.5NaCl	89	2
10meV	Agua+2.5NaCl	90	1
10meV	Agua+2.5NaCl	91	1
10meV	Agua+2.5NaCl	93	2
10meV	Agua+2.5NaCl	95	1
10meV	Agua+2.5NaCl	96	1
10meV	Agua+2.5NaCl	97	1
10meV	Agua+2.5NaCl	100	1
10meV	Agua+2.5NaCl	101	1
10meV	Agua+2.5NaCl	105	1
10meV	Agua+2.5NaCl	108	1
10meV	Agua+2.5NaCl	119	1
10meV	Agua+2.5NaCl	140	1
10meV	Agua+5NaCl	1	2869
10meV	Agua+5NaCl	2	2586
10meV	Agua+5NaCl	3	1877
10meV	Agua+5NaCl	4	1431
10meV	Agua+5NaCl	5	1096
10meV	Agua+5NaCl	6	813
10meV	Agua+5NaCl	7	619
10meV	Agua+5NaCl	8	604
10meV	Agua+5NaCl	9	492
10meV	Agua+5NaCl	10	550
10meV	Agua+5NaCl	11	509
10meV	Agua+5NaCl	12	489
10meV	Agua+5NaCl	13	447
10meV	Agua+5NaCl	14	394
10meV	Agua+5NaCl	15	391
10meV	Agua+5NaCl	16	367
10meV	Agua+5NaCl	17	340
10meV	Agua+5NaCl	18	286
10meV	Agua+5NaCl	19	257
10meV	Agua+5NaCl	20	200
10meV	Agua+5NaCl	21	213
10meV	Agua+5NaCl	22	180
10meV	Agua+5NaCl	23	154
10meV	Agua+5NaCl	24	129
10meV	Agua+5NaCl	25	106
10meV	Agua+5NaCl	26	97
10meV	Agua+5NaCl	27	93
10meV	Agua+5NaCl	28	68
10meV	Agua+5NaCl	29	73
10meV	Agua+5NaCl	30	58
10meV	Agua+5NaCl	31	67
10meV	Agua+5NaCl	32	68
10meV	Agua+5NaCl	33	48
10meV	Agua+5NaCl	34	41
10meV	Agua+5NaCl	35	42
10meV	Agua+5NaCl	36	30
10meV	Agua+5NaCl	37	41
10meV	Agua+5NaCl	38	30
10meV	Agua+5NaCl	39	33
10meV	Agua+5NaCl	40	27
10meV	Agua+5NaCl	41	19
10meV	Agua+5NaCl	42	15
10meV	Agua+5NaCl	43	22
10meV	Agua+5NaCl	44	20
10meV	Agua+5NaCl	45	19
10meV	Agua+5NaCl	46	22
10meV	Agua+5NaCl	47	17
10meV	Agua+5NaCl	48	25
10meV	Agua+5NaCl	49	18
10meV	Agua+5NaCl	50	13
10meV	Agua+5NaCl	51	11
10meV	Agua+5NaCl	52	12
10meV	Agua+5NaCl	53	9
10meV	Agua+5NaCl	54	7
10meV	Agua+5NaCl	55	10
10meV	Agua+5NaCl	56	8
10meV	Agua+5NaCl	57	6
10meV	Agua+5NaCl	58	11
10meV	Agua+5NaCl	59	12
10meV	Agua+5NaCl	60	8
10meV	Agua+5NaCl	61	9
10meV	Agua+5NaCl	62	7
10meV	Agua+5NaCl	63	8
10meV	Agua+5NaCl	64	6
10meV	Agua+5NaCl	65	6
10meV	Agua+5NaCl	66	5
10meV	Agua+5NaCl	67	11
10meV	Agua+5NaCl	68	2
10meV	Agua+5NaCl	69	4
10meV	Agua+5NaCl	70	2
10meV	Agua+5NaCl	71	4
10meV	Agua+5NaCl	72	4
10meV	Agua+5NaCl	73	4
10meV	Agua+5NaCl	74	3
10meV	Agua+5NaCl	75	3
10meV	Agua+5NaCl	76	4
10meV	Agua+5NaCl	77	5
10meV	Agua+5NaCl	78	5
10meV	Agua+5NaCl	79	6
10meV	Agua+5NaCl	80	2
10meV	Agua+5NaCl	81	3
10meV	Agua+5NaCl	82	2
10meV	Agua+5NaCl	83	1
10meV	Agua+5NaCl	84	3
10meV	Agua+5NaCl	85	1
10meV	Agua+5NaCl	86	2
10meV	Agua+5NaCl	87	2
10meV	Agua+5NaCl	88	5
10meV	Agua+5NaCl	89	1
10meV	Agua+5NaCl	90	4
10meV	Agua+5NaCl	91	1
10meV	Agua+5NaCl	92	1
10meV	Agua+5NaCl	93	1
10meV	Agua+5NaCl	94	1
10meV	Agua+5NaCl	95	1
10meV	Agua+5NaCl	96	2
10meV	Agua+5NaCl	97	1
10meV	Agua+5NaCl	105	1
10meV	Agua+5NaCl	107	1
10meV	Agua+5NaCl	108	1
10meV	Agua+5NaCl	109	1
10meV	Agua+5NaCl	111	1
10meV	Agua+5NaCl	122	1
10meV	Agua+5NaCl	133	1
10meV	Agua+10NaCl	1	3174
10meV	Agua+10NaCl	2	2510
10meV	Agua+10NaCl	3	2040
10meV	Agua+10NaCl	4	1600
10meV	Agua+10NaCl	5	1184
10meV	Agua+10NaCl	6	1061
10meV	Agua+10NaCl	7	923
10meV	Agua+10NaCl	8	864
10meV	Agua+10NaCl	9	818
10meV	Agua+10NaCl	10	766
10meV	Agua+10NaCl	11	716
10meV	Agua+10NaCl	12	693
10meV	Agua+10NaCl	13	650
10meV	Agua+10NaCl	14	645
10meV	Agua+10NaCl	15	597
10meV	Agua+10NaCl	16	557
10meV	Agua+10NaCl	17	468
10meV	Agua+10NaCl	18	420
10meV	Agua+10NaCl	19	411
10meV	Agua+10NaCl	20	359
10meV	Agua+10NaCl	21	251
10meV	Agua+10NaCl	22	251
10meV	Agua+10NaCl	23	217
10meV	Agua+10NaCl	24	200
10meV	Agua+10NaCl	25	192
10meV	Agua+10NaCl	26	155
10meV	Agua+10NaCl	27	131
10meV	Agua+10NaCl	28	127
10meV	Agua+10NaCl	29	101
10meV	Agua+10NaCl	30	93
10meV	Agua+10NaCl	31	100
10meV	Agua+10NaCl	32	96
10meV	Agua+10NaCl	33	82
10meV	Agua+10NaCl	34	63
10meV	Agua+10NaCl	35	62
10meV	Agua+10NaCl	36	52
10meV	Agua+10NaCl	37	38
10meV	Agua+10NaCl	38	60
10meV	Agua+10NaCl	39	52
10meV	Agua+10NaCl	40	36
10meV	Agua+10NaCl	41	34
10meV	Agua+10NaCl	42	35
10meV	Agua+10NaCl	43	31
10meV	Agua+10NaCl	44	27
10meV	Agua+10NaCl	45	30
10meV	Agua+10NaCl	46	24
10meV	Agua+10NaCl	47	29
10meV	Agua+10NaCl	48	19
10meV	Agua+10NaCl	49	22
10meV	Agua+10NaCl	50	17
10meV	Agua+10NaCl	51	15
10meV	Agua+10NaCl	52	19
10meV	Agua+10NaCl	53	9
10meV	Agua+10NaCl	54	16
10meV	Agua+10NaCl	55	8
10meV	Agua+10NaCl	56	14
10meV	Agua+10NaCl	57	9
10meV	Agua+10NaCl	58	16
10meV	Agua+10NaCl	59	10
10meV	Agua+10NaCl	60	10
10meV	Agua+10NaCl	61	11
10meV	Agua+10NaCl	62	4
10meV	Agua+10NaCl	63	4
10meV	Agua+10NaCl	64	7
10meV	Agua+10NaCl	65	10
10meV	Agua+10NaCl	66	15
10meV	Agua+10NaCl	67	8
10meV	Agua+10NaCl	68	3
10meV	Agua+10NaCl	69	12
10meV	Agua+10NaCl	70	9
10meV	Agua+10NaCl	71	4
10meV	Agua+10NaCl	72	8
10meV	Agua+10NaCl	73	6
10meV	Agua+10NaCl	74	6
10meV	Agua+10NaCl	75	10
10meV	Agua+10NaCl	76	3
10meV	Agua+10NaCl	77	8
10meV	Agua+10NaCl	78	1
10meV	Agua+10NaCl	79	4
10meV	Agua+10NaCl	80	4
10meV	Agua+10NaCl	81	7
10meV	Agua+10NaCl	82	2
10meV	Agua+10NaCl	83	1
10meV	Agua+10NaCl	84	4
10meV	Agua+10NaCl	85	4
10meV	Agua+10NaCl	86	3
10meV	Agua+10NaCl	87	4
10meV	Agua+10NaCl	88	6
10meV	Agua+10NaCl	89	3
10meV	Agua+10NaCl	90	6
10meV	Agua+10NaCl	91	2
10meV	Agua+10NaCl	92	2
10meV	Agua+10NaCl	93	2
10meV	Agua+10NaCl	94	3
10meV	Agua+10NaCl	95	2
10meV	Agua+10NaCl	96	2
10meV	Agua+10NaCl	97	1
10meV	Agua+10NaCl	98	2
10meV	Agua+10NaCl	100	1
10meV	Agua+10NaCl	101	1
10meV	Agua+10NaCl	102	1
10meV	Agua+10NaCl	103	1
10meV	Agua+10NaCl	105	1
10meV	Agua+10NaCl	106	4
10meV	Agua+10NaCl	108	1
10meV	Agua+10NaCl	114	1
10meV	Agua+10NaCl	118	1
10meV	Agua+10NaCl	125	2
10meV	Agua+10NaCl	129	1
25meV	Agua-pura	1	3772
25meV	Agua-pura	2	3425
25meV	Agua-pura	3	2399
25meV	Agua-pura	4	1603
25meV	Agua-pura	5	961
25meV	Agua-pura	6	596
25meV	Agua-pura	7	340
25meV	Agua-pura	8	227
25meV	Agua-pura	9	166
25meV	Agua-pura	10	95
25meV	Agua-pura	11	70
25meV	Agua-pura	12	72
25meV	Agua-pura	13	56
25meV	Agua-pura	14	34
25meV	Agua-pura	15	28
25meV	Agua-pura	16	24
25meV	Agua-pura	17	27
25meV	Agua-pura	18	20
25meV	Agua-pura	19	13
25meV	Agua-pura	20	9
25meV	Agua-pura	21	6
25meV	Agua-pura	22	6
25meV	Agua-pura	23	2
25meV	Agua-pura	24	1
25meV	Agua-pura	25	4
25meV	Agua-pura	26	2
25meV	Agua-pura	28	2
25meV	Agua-pura	36	1
25meV	Agua-pura	40	1
25meV	Agua+2.5NaCl	1	3441
25meV	Agua+2.5NaCl	2	3116
25meV	Agua+2.5NaCl	3	2365
25meV	Agua+2.5NaCl	4	1590
25meV	Agua+2.5NaCl	5	1148
25meV	Agua+2.5NaCl	6	782
25meV	Agua+2.5NaCl	7	586
25meV	Agua+2.5NaCl	8	507
25meV	Agua+2.5NaCl	9	478
25meV	Agua+2.5NaCl	10	444
25meV	Agua+2.5NaCl	11	369
25meV	Agua+2.5NaCl	12	354
25meV	Agua+2.5NaCl	13	328
25meV	Agua+2.5NaCl	14	309
25meV	Agua+2.5NaCl	15	276
25meV	Agua+2.5NaCl	16	249
25meV	Agua+2.5NaCl	17	232
25meV	Agua+2.5NaCl	18	204
25meV	Agua+2.5NaCl	19	170
25meV	Agua+2.5NaCl	20	159
25meV	Agua+2.5NaCl	21	121
25meV	Agua+2.5NaCl	22	113
25meV	Agua+2.5NaCl	23	103
25meV	Agua+2.5NaCl	24	92
25meV	Agua+2.5NaCl	25	72
25meV	Agua+2.5NaCl	26	69
25meV	Agua+2.5NaCl	27	57
25meV	Agua+2.5NaCl	28	50
25meV	Agua+2.5NaCl	29	43
25meV	Agua+2.5NaCl	30	37
25meV	Agua+2.5NaCl	31	35
25meV	Agua+2.5NaCl	32	40
25meV	Agua+2.5NaCl	33	24
25meV	Agua+2.5NaCl	34	33
25meV	Agua+2.5NaCl	35	31
25meV	Agua+2.5NaCl	36	30
25meV	Agua+2.5NaCl	37	19
25meV	Agua+2.5NaCl	38	27
25meV	Agua+2.5NaCl	39	15
25meV	Agua+2.5NaCl	40	16
25meV	Agua+2.5NaCl	41	27
25meV	Agua+2.5NaCl	42	15
25meV	Agua+2.5NaCl	43	13
25meV	Agua+2.5NaCl	44	16
25meV	Agua+2.5NaCl	45	17
25meV	Agua+2.5NaCl	46	13
25meV	Agua+2.5NaCl	47	10
25meV	Agua+2.5NaCl	48	9
25meV	Agua+2.5NaCl	49	14
25meV	Agua+2.5NaCl	50	4
25meV	Agua+2.5NaCl	51	9
25meV	Agua+2.5NaCl	52	12
25meV	Agua+2.5NaCl	53	10
25meV	Agua+2.5NaCl	54	5
25meV	Agua+2.5NaCl	55	5
25meV	Agua+2.5NaCl	56	5
25meV	Agua+2.5NaCl	57	4
25meV	Agua+2.5NaCl	58	10
25meV	Agua+2.5NaCl	59	9
25meV	Agua+2.5NaCl	60	7
25meV	Agua+2.5NaCl	61	8
25meV	Agua+2.5NaCl	62	3
25meV	Agua+2.5NaCl	63	6
25meV	Agua+2.5NaCl	64	4
25meV	Agua+2.5NaCl	65	7
25meV	Agua+2.5NaCl	66	5
25meV	Agua+2.5NaCl	67	2
25meV	Agua+2.5NaCl	68	5
25meV	Agua+2.5NaCl	69	5
25meV	Agua+2.5NaCl	70	7
25meV	Agua+2.5NaCl	71	4
25meV	Agua+2.5NaCl	72	3
25meV	Agua+2.5NaCl	73	4
25meV	Agua+2.5NaCl	74	3
25meV	Agua+2.5NaCl	75	2
25meV	Agua+2.5NaCl	76	5
25meV	Agua+2.5NaCl	77	2
25meV	Agua+2.5NaCl	78	2
25meV	Agua+2.5NaCl	79	1
25meV	Agua+2.5NaCl	80	1
25meV	Agua+2.5NaCl	81	1
25meV	Agua+2.5NaCl	82	1
25meV	Agua+2.5NaCl	83	1
25meV	Agua+2.5NaCl	84	1
25meV	Agua+2.5NaCl	85	2
25meV	Agua+2.5NaCl	86	2
25meV	Agua+2.5NaCl	88	2
25meV	Agua+2.5NaCl	89	3
25meV	Agua+2.5NaCl	90	2
25meV	Agua+2.5NaCl	91	1
25meV	Agua+2.5NaCl	92	1
25meV	Agua+2.5NaCl	95	1
25meV	Agua+2.5NaCl	98	2
25meV	Agua+2.5NaCl	100	1
25meV	Agua+2.5NaCl	101	1
25meV	Agua+2.5NaCl	103	1
25meV	Agua+2.5NaCl	104	1
25meV	Agua+2.5NaCl	106	2
25meV	Agua+2.5NaCl	114	1
25meV	Agua+2.5NaCl	115	1
25meV	Agua+2.5NaCl	125	1
25meV	Agua+2.5NaCl	126	1
25meV	Agua+5NaCl	1	3411
25meV	Agua+5NaCl	2	2885
25meV	Agua+5NaCl	3	2270
25meV	Agua+5NaCl	4	1630
25meV	Agua+5NaCl	5	1252
25meV	Agua+5NaCl	6	953
25meV	Agua+5NaCl	7	764
25meV	Agua+5NaCl	8	662
25meV	Agua+5NaCl	9	634
25meV	Agua+5NaCl	10	591
25meV	Agua+5NaCl	11	600
25meV	Agua+5NaCl	12	553
25meV	Agua+5NaCl	13	509
25meV	Agua+5NaCl	14	479
25meV	Agua+5NaCl	15	463
25meV	Agua+5NaCl	16	434
25meV	Agua+5NaCl	17	374
25meV	Agua+5NaCl	18	309
25meV	Agua+5NaCl	19	279
25meV	Agua+5NaCl	20	250
25meV	Agua+5NaCl	21	215
25meV	Agua+5NaCl	22	186
25meV	Agua+5NaCl	23	190
25meV	Agua+5NaCl	24	136
25meV	Agua+5NaCl	25	117
25meV	Agua+5NaCl	26	120
25meV	Agua+5NaCl	27	98
25meV	Agua+5NaCl	28	94
25meV	Agua+5NaCl	29	76
25meV	Agua+5NaCl	30	80
25meV	Agua+5NaCl	31	84
25meV	Agua+5NaCl	32	57
25meV	Agua+5NaCl	33	59
25meV	Agua+5NaCl	34	60
25meV	Agua+5NaCl	35	39
25meV	Agua+5NaCl	36	49
25meV	Agua+5NaCl	37	50
25meV	Agua+5NaCl	38	33
25meV	Agua+5NaCl	39	28
25meV	Agua+5NaCl	40	31
25meV	Agua+5NaCl	41	31
25meV	Agua+5NaCl	42	27
25meV	Agua+5NaCl	43	27
25meV	Agua+5NaCl	44	21
25meV	Agua+5NaCl	45	25
25meV	Agua+5NaCl	46	18
25meV	Agua+5NaCl	47	15
25meV	Agua+5NaCl	48	13
25meV	Agua+5NaCl	49	13
25meV	Agua+5NaCl	50	12
25meV	Agua+5NaCl	51	18
25meV	Agua+5NaCl	52	10
25meV	Agua+5NaCl	53	8
25meV	Agua+5NaCl	54	10
25meV	Agua+5NaCl	55	16
25meV	Agua+5NaCl	56	10
25meV	Agua+5NaCl	57	9
25meV	Agua+5NaCl	58	3
25meV	Agua+5NaCl	59	10
25meV	Agua+5NaCl	60	10
25meV	Agua+5NaCl	61	3
25meV	Agua+5NaCl	62	11
25meV	Agua+5NaCl	63	8
25meV	Agua+5NaCl	64	4
25meV	Agua+5NaCl	65	6
25meV	Agua+5NaCl	66	3
25meV	Agua+5NaCl	67	4
25meV	Agua+5NaCl	68	9
25meV	Agua+5NaCl	69	3
25meV	Agua+5NaCl	70	13
25meV	Agua+5NaCl	71	2
25meV	Agua+5NaCl	72	8
25meV	Agua+5NaCl	73	7
25meV	Agua+5NaCl	74	3
25meV	Agua+5NaCl	75	1
25meV	Agua+5NaCl	76	8
25meV	Agua+5NaCl	77	4
25meV	Agua+5NaCl	78	3
25meV	Agua+5NaCl	79	2
25meV	Agua+5NaCl	80	4
25meV	Agua+5NaCl	81	4
25meV	Agua+5NaCl	82	7
25meV	Agua+5NaCl	83	6
25meV	Agua+5NaCl	84	1
25meV	Agua+5NaCl	85	4
25meV	Agua+5NaCl	86	4
25meV	Agua+5NaCl	87	3
25meV	Agua+5NaCl	91	4
25meV	Agua+5NaCl	92	2
25meV	Agua+5NaCl	93	2
25meV	Agua+5NaCl	97	1
25meV	Agua+5NaCl	98	2
25meV	Agua+5NaCl	99	1
25meV	Agua+5NaCl	100	1
25meV	Agua+5NaCl	108	1
25meV	Agua+5NaCl	109	1
25meV	Agua+5NaCl	111	1
25meV	Agua+5NaCl	120	1
25meV	Agua+5NaCl	159	1
25meV	Agua+10NaCl	1	3546
25meV	Agua+10NaCl	2	2965
25meV	Agua+10NaCl	3	2274
25meV	Agua+10NaCl	4	1787
25meV	Agua+10NaCl	5	1417
25meV	Agua+10NaCl	6	1232
25meV	Agua+10NaCl	7	983
25meV	Agua+10NaCl	8	907
25meV	Agua+10NaCl	9	909
25meV	Agua+10NaCl	10	885
25meV	Agua+10NaCl	11	827
25meV	Agua+10NaCl	12	730
25meV	Agua+10NaCl	13	690
25meV	Agua+10NaCl	14	739
25meV	Agua+10NaCl	15	669
25meV	Agua+10NaCl	16	611
25meV	Agua+10NaCl	17	536
25meV	Agua+10NaCl	18	454
25meV	Agua+10NaCl	19	394
25meV	Agua+10NaCl	20	401
25meV	Agua+10NaCl	21	350
25meV	Agua+10NaCl	22	280
25meV	Agua+10NaCl	23	272
25meV	Agua+10NaCl	24	230
25meV	Agua+10NaCl	25	180
25meV	Agua+10NaCl	26	194
25meV	Agua+10NaCl	27	146
25meV	Agua+10NaCl	28	153
25meV	Agua+10NaCl	29	133
25meV	Agua+10NaCl	30	113
25meV	Agua+10NaCl	31	98
25meV	Agua+10NaCl	32	86
25meV	Agua+10NaCl	33	88
25meV	Agua+10NaCl	34	72
25meV	Agua+10NaCl	35	86
25meV	Agua+10NaCl	36	70
25meV	Agua+10NaCl	37	59
25meV	Agua+10NaCl	38	45
25meV	Agua+10NaCl	39	52
25meV	Agua+10NaCl	40	49
25meV	Agua+10NaCl	41	39
25meV	Agua+10NaCl	42	38
25meV	Agua+10NaCl	43	41
25meV	Agua+10NaCl	44	42
25meV	Agua+10NaCl	45	37
25meV	Agua+10NaCl	46	34
25meV	Agua+10NaCl	47	41
25meV	Agua+10NaCl	48	30
25meV	Agua+10NaCl	49	30
25meV	Agua+10NaCl	50	20
25meV	Agua+10NaCl	51	21
25meV	Agua+10NaCl	52	18
25meV	Agua+10NaCl	53	20
25meV	Agua+10NaCl	54	23
25meV	Agua+10NaCl	55	18
25meV	Agua+10NaCl	56	17
25meV	Agua+10NaCl	57	18
25meV	Agua+10NaCl	58	15
25meV	Agua+10NaCl	59	11
25meV	Agua+10NaCl	60	17
25meV	Agua+10NaCl	61	5
25meV	Agua+10NaCl	62	16
25meV	Agua+10NaCl	63	12
25meV	Agua+10NaCl	64	11
25meV	Agua+10NaCl	65	11
25meV	Agua+10NaCl	66	11
25meV	Agua+10NaCl	67	6
25meV	Agua+10NaCl	68	12
25meV	Agua+10NaCl	69	10
25meV	Agua+10NaCl	70	10
25meV	Agua+10NaCl	71	5
25meV	Agua+10NaCl	72	5
25meV	Agua+10NaCl	73	3
25meV	Agua+10NaCl	74	6
25meV	Agua+10NaCl	75	10
25meV	Agua+10NaCl	76	8
25meV	Agua+10NaCl	77	3
25meV	Agua+10NaCl	78	8
25meV	Agua+10NaCl	79	7
25meV	Agua+10NaCl	80	4
25meV	Agua+10NaCl	81	8
25meV	Agua+10NaCl	82	4
25meV	Agua+10NaCl	83	5
25meV	Agua+10NaCl	84	6
25meV	Agua+10NaCl	85	5
25meV	Agua+10NaCl	86	3
25meV	Agua+10NaCl	87	3
25meV	Agua+10NaCl	88	3
25meV	Agua+10NaCl	89	2
25meV	Agua+10NaCl	90	1
25meV	Agua+10NaCl	91	1
25meV	Agua+10NaCl	92	1
25meV	Agua+10NaCl	93	4
25meV	Agua+10NaCl	94	3
25meV	Agua+10NaCl	95	1
25meV	Agua+10NaCl	96	1
25meV	Agua+10NaCl	97	3
25meV	Agua+10NaCl	98	1
25meV	Agua+10NaCl	99	1
25meV	Agua+10NaCl	100	2
25meV	Agua+10NaCl	101	1
25meV	Agua+10NaCl	102	2
25meV	Agua+10NaCl	104	2
25meV	Agua+10NaCl	105	3
25meV	Agua+10NaCl	106	1
25meV	Agua+10NaCl	107	1
25meV	Agua+10NaCl	134	1
50meV	Agua-pura	1	4154
50meV	Agua-pura	2	3686
50meV	Agua-pura	3	2585
50meV	Agua-pura	4	1710
50meV	Agua-pura	5	1094
50meV	Agua-pura	6	669
50meV	Agua-pura	7	405
50meV	Agua-pura	8	243
50meV	Agua-pura	9	166
50meV	Agua-pura	10	130
50meV	Agua-pura	11	88
50meV	Agua-pura	12	81
50meV	Agua-pura	13	54
50meV	Agua-pura	14	45
50meV	Agua-pura	15	28
50meV	Agua-pura	16	17
50meV	Agua-pura	17	20
50meV	Agua-pura	18	29
50meV	Agua-pura	19	11
50meV	Agua-pura	20	7
50meV	Agua-pura	21	5
50meV	Agua-pura	22	7
50meV	Agua-pura	23	4
50meV	Agua-pura	24	3
50meV	Agua-pura	25	1
50meV	Agua-pura	27	1
50meV	Agua-pura	29	1
50meV	Agua+2.5NaCl	1	3781
50meV	Agua+2.5NaCl	2	3277
50meV	Agua+2.5NaCl	3	2521
50meV	Agua+2.5NaCl	4	1748
50meV	Agua+2.5NaCl	5	1131
50meV	Agua+2.5NaCl	6	853
50meV	Agua+2.5NaCl	7	662
50meV	Agua+2.5NaCl	8	581
50meV	Agua+2.5NaCl	9	494
50meV	Agua+2.5NaCl	10	422
50meV	Agua+2.5NaCl	11	402
50meV	Agua+2.5NaCl	12	395
50meV	Agua+2.5NaCl	13	349
50meV	Agua+2.5NaCl	14	347
50meV	Agua+2.5NaCl	15	315
50meV	Agua+2.5NaCl	16	297
50meV	Agua+2.5NaCl	17	251
50meV	Agua+2.5NaCl	18	207
50meV	Agua+2.5NaCl	19	186
50meV	Agua+2.5NaCl	20	171
50meV	Agua+2.5NaCl	21	156
50meV	Agua+2.5NaCl	22	139
50meV	Agua+2.5NaCl	23	125
50meV	Agua+2.5NaCl	24	92
50meV	Agua+2.5NaCl	25	77
50meV	Agua+2.5NaCl	26	87
50meV	Agua+2.5NaCl	27	75
50meV	Agua+2.5NaCl	28	53
50meV	Agua+2.5NaCl	29	52
50meV	Agua+2.5NaCl	30	60
50meV	Agua+2.5NaCl	31	50
50meV	Agua+2.5NaCl	32	33
50meV	Agua+2.5NaCl	33	34
50meV	Agua+2.5NaCl	34	32
50meV	Agua+2.5NaCl	35	35
50meV	Agua+2.5NaCl	36	33
50meV	Agua+2.5NaCl	37	22
50meV	Agua+2.5NaCl	38	16
50meV	Agua+2.5NaCl	39	20
50meV	Agua+2.5NaCl	40	26
50meV	Agua+2.5NaCl	41	13
50meV	Agua+2.5NaCl	42	24
50meV	Agua+2.5NaCl	43	18
50meV	Agua+2.5NaCl	44	14
50meV	Agua+2.5NaCl	45	16
50meV	Agua+2.5NaCl	46	17
50meV	Agua+2.5NaCl	47	14
50meV	Agua+2.5NaCl	48	14
50meV	Agua+2.5NaCl	49	13
50meV	Agua+2.5NaCl	50	6
50meV	Agua+2.5NaCl	51	8
50meV	Agua+2.5NaCl	52	9
50meV	Agua+2.5NaCl	53	6
50meV	Agua+2.5NaCl	54	5
50meV	Agua+2.5NaCl	55	8
50meV	Agua+2.5NaCl	56	8
50meV	Agua+2.5NaCl	57	5
50meV	Agua+2.5NaCl	58	2
50meV	Agua+2.5NaCl	59	9
50meV	Agua+2.5NaCl	60	5
50meV	Agua+2.5NaCl	61	4
50meV	Agua+2.5NaCl	62	7
50meV	Agua+2.5NaCl	63	7
50meV	Agua+2.5NaCl	64	2
50meV	Agua+2.5NaCl	65	6
50meV	Agua+2.5NaCl	66	5
50meV	Agua+2.5NaCl	67	2
50meV	Agua+2.5NaCl	68	6
50meV	Agua+2.5NaCl	69	5
50meV	Agua+2.5NaCl	70	4
50meV	Agua+2.5NaCl	71	6
50meV	Agua+2.5NaCl	72	1
50meV	Agua+2.5NaCl	73	1
50meV	Agua+2.5NaCl	74	1
50meV	Agua+2.5NaCl	75	2
50meV	Agua+2.5NaCl	76	2
50meV	Agua+2.5NaCl	77	5
50meV	Agua+2.5NaCl	78	4
50meV	Agua+2.5NaCl	79	4
50meV	Agua+2.5NaCl	80	7
50meV	Agua+2.5NaCl	81	3
50meV	Agua+2.5NaCl	82	2
50meV	Agua+2.5NaCl	83	4
50meV	Agua+2.5NaCl	84	2
50meV	Agua+2.5NaCl	85	3
50meV	Agua+2.5NaCl	86	1
50meV	Agua+2.5NaCl	87	1
50meV	Agua+2.5NaCl	88	1
50meV	Agua+2.5NaCl	90	1
50meV	Agua+2.5NaCl	91	1
50meV	Agua+2.5NaCl	93	1
50meV	Agua+2.5NaCl	98	1
50meV	Agua+2.5NaCl	103	1
50meV	Agua+2.5NaCl	108	1
50meV	Agua+2.5NaCl	109	1
50meV	Agua+2.5NaCl	110	1
50meV	Agua+2.5NaCl	113	1
50meV	Agua+2.5NaCl	128	1
50meV	Agua+5NaCl	1	3794
50meV	Agua+5NaCl	2	3239
50meV	Agua+5NaCl	3	2464
50meV	Agua+5NaCl	4	1838
50meV	Agua+5NaCl	5	1278
50meV	Agua+5NaCl	6	924
50meV	Agua+5NaCl	7	871
50meV	Agua+5NaCl	8	714
50meV	Agua+5NaCl	9	710
50meV	Agua+5NaCl	10	637
50meV	Agua+5NaCl	11	600
50meV	Agua+5NaCl	12	556
50meV	Agua+5NaCl	13	543
50meV	Agua+5NaCl	14	522
50meV	Agua+5NaCl	15	521
50meV	Agua+5NaCl	16	419
50meV	Agua+5NaCl	17	395
50meV	Agua+5NaCl	18	360
50meV	Agua+5NaCl	19	297
50meV	Agua+5NaCl	20	282
50meV	Agua+5NaCl	21	218
50meV	Agua+5NaCl	22	208
50meV	Agua+5NaCl	23	152
50meV	Agua+5NaCl	24	135
50meV	Agua+5NaCl	25	146
50meV	Agua+5NaCl	26	131
50meV	Agua+5NaCl	27	122
50meV	Agua+5NaCl	28	88
50meV	Agua+5NaCl	29	91
50meV	Agua+5NaCl	30	82
50meV	Agua+5NaCl	31	70
50meV	Agua+5NaCl	32	76
50meV	Agua+5NaCl	33	67
50meV	Agua+5NaCl	34	50
50meV	Agua+5NaCl	35	50
50meV	Agua+5NaCl	36	54
50meV	Agua+5NaCl	37	47
50meV	Agua+5NaCl	38	34
50meV	Agua+5NaCl	39	53
50meV	Agua+5NaCl	40	21
50meV	Agua+5NaCl	41	37
50meV	Agua+5NaCl	42	26
50meV	Agua+5NaCl	43	26
50meV	Agua+5NaCl	44	25
50meV	Agua+5NaCl	45	28
50meV	Agua+5NaCl	46	25
50meV	Agua+5NaCl	47	28
50meV	Agua+5NaCl	48	24
50meV	Agua+5NaCl	49	21
50meV	Agua+5NaCl	50	15
50meV	Agua+5NaCl	51	16
50meV	Agua+5NaCl	52	18
50meV	Agua+5NaCl	53	12
50meV	Agua+5NaCl	54	14
50meV	Agua+5NaCl	55	3
50meV	Agua+5NaCl	56	11
50meV	Agua+5NaCl	57	10
50meV	Agua+5NaCl	58	9
50meV	Agua+5NaCl	59	13
50meV	Agua+5NaCl	60	11
50meV	Agua+5NaCl	61	6
50meV	Agua+5NaCl	62	5
50meV	Agua+5NaCl	63	7
50meV	Agua+5NaCl	64	5
50meV	Agua+5NaCl	65	11
50meV	Agua+5NaCl	66	6
50meV	Agua+5NaCl	67	8
50meV	Agua+5NaCl	68	7
50meV	Agua+5NaCl	69	4
50meV	Agua+5NaCl	70	4
50meV	Agua+5NaCl	71	8
50meV	Agua+5NaCl	72	5
50meV	Agua+5NaCl	73	2
50meV	Agua+5NaCl	74	5
50meV	Agua+5NaCl	75	7
50meV	Agua+5NaCl	76	6
50meV	Agua+5NaCl	77	10
50meV	Agua+5NaCl	78	5
50meV	Agua+5NaCl	79	2
50meV	Agua+5NaCl	80	3
50meV	Agua+5NaCl	81	2
50meV	Agua+5NaCl	82	2
50meV	Agua+5NaCl	83	4
50meV	Agua+5NaCl	84	4
50meV	Agua+5NaCl	85	7
50meV	Agua+5NaCl	86	5
50meV	Agua+5NaCl	87	2
50meV	Agua+5NaCl	88	1
50meV	Agua+5NaCl	90	2
50meV	Agua+5NaCl	92	1
50meV	Agua+5NaCl	93	1
50meV	Agua+5NaCl	94	2
50meV	Agua+5NaCl	95	3
50meV	Agua+5NaCl	96	2
50meV	Agua+5NaCl	97	2
50meV	Agua+5NaCl	101	3
50meV	Agua+5NaCl	102	1
50meV	Agua+5NaCl	105	2
50meV	Agua+5NaCl	107	1
50meV	Agua+5NaCl	108	1
50meV	Agua+5NaCl	109	1
50meV	Agua+5NaCl	112	1
50meV	Agua+10NaCl	1	3758
50meV	Agua+10NaCl	2	3164
50meV	Agua+10NaCl	3	2513
50meV	Agua+10NaCl	4	2006
50meV	Agua+10NaCl	5	1577
50meV	Agua+10NaCl	6	1274
50meV	Agua+10NaCl	7	1122
50meV	Agua+10NaCl	8	1003
50meV	Agua+10NaCl	9	935
50meV	Agua+10NaCl	10	918
50meV	Agua+10NaCl	11	889
50meV	Agua+10NaCl	12	855
50meV	Agua+10NaCl	13	746
50meV	Agua+10NaCl	14	728
50meV	Agua+10NaCl	15	714
50meV	Agua+10NaCl	16	623
50meV	Agua+10NaCl	17	593
50meV	Agua+10NaCl	18	518
50meV	Agua+10NaCl	19	436
50meV	Agua+10NaCl	20	373
50meV	Agua+10NaCl	21	338
50meV	Agua+10NaCl	22	340
50meV	Agua+10NaCl	23	280
50meV	Agua+10NaCl	24	231
50meV	Agua+10NaCl	25	234
50meV	Agua+10NaCl	26	227
50meV	Agua+10NaCl	27	163
50meV	Agua+10NaCl	28	162
50meV	Agua+10NaCl	29	164
50meV	Agua+10NaCl	30	105
50meV	Agua+10NaCl	31	116
50meV	Agua+10NaCl	32	117
50meV	Agua+10NaCl	33	96
50meV	Agua+10NaCl	34	81
50meV	Agua+10NaCl	35	85
50meV	Agua+10NaCl	36	69
50meV	Agua+10NaCl	37	74
50meV	Agua+10NaCl	38	57
50meV	Agua+10NaCl	39	47
50meV	Agua+10NaCl	40	63
50meV	Agua+10NaCl	41	40
50meV	Agua+10NaCl	42	33
50meV	Agua+10NaCl	43	49
50meV	Agua+10NaCl	44	38
50meV	Agua+10NaCl	45	24
50meV	Agua+10NaCl	46	34
50meV	Agua+10NaCl	47	22
50meV	Agua+10NaCl	48	28
50meV	Agua+10NaCl	49	27
50meV	Agua+10NaCl	50	21
50meV	Agua+10NaCl	51	18
50meV	Agua+10NaCl	52	21
50meV	Agua+10NaCl	53	22
50meV	Agua+10NaCl	54	14
50meV	Agua+10NaCl	55	19
50meV	Agua+10NaCl	56	16
50meV	Agua+10NaCl	57	14
50meV	Agua+10NaCl	58	20
50meV	Agua+10NaCl	59	19
50meV	Agua+10NaCl	60	18
50meV	Agua+10NaCl	61	19
50meV	Agua+10NaCl	62	22
50meV	Agua+10NaCl	63	9
50meV	Agua+10NaCl	64	18
50meV	Agua+10NaCl	65	12
50meV	Agua+10NaCl	66	8
50meV	Agua+10NaCl	67	8
50meV	Agua+10NaCl	68	9
50meV	Agua+10NaCl	69	6
50meV	Agua+10NaCl	70	2
50meV	Agua+10NaCl	71	11
50meV	Agua+10NaCl	72	13
50meV	Agua+10NaCl	73	5
50meV	Agua+10NaCl	74	9
50meV	Agua+10NaCl	75	8
50meV	Agua+10NaCl	76	10
50meV	Agua+10NaCl	77	7
50meV	Agua+10NaCl	78	2
50meV	Agua+10NaCl	79	6
50meV	Agua+10NaCl	80	7
50meV	Agua+10NaCl	81	3
50meV	Agua+10NaCl	82	3
50meV	Agua+10NaCl	83	6
50meV	Agua+10NaCl	84	4
50meV	Agua+10NaCl	85	1
50meV	Agua+10NaCl	86	5
50meV	Agua+10NaCl	87	4
50meV	Agua+10NaCl	88	3
50meV	Agua+10NaCl	89	1
50meV	Agua+10NaCl	90	6
50meV	Agua+10NaCl	91	3
50meV	Agua+10NaCl	93	3
50meV	Agua+10NaCl	94	3
50meV	Agua+10NaCl	95	1
50meV	Agua+10NaCl	96	2
50meV	Agua+10NaCl	99	2
50meV	Agua+10NaCl	100	1
50meV	Agua+10NaCl	101	4
50meV	Agua+10NaCl	102	1
50meV	Agua+10NaCl	103	1
50meV	Agua+10NaCl	104	1
50meV	Agua+10NaCl	105	1
50meV	Agua+10NaCl	108	3
50meV	Agua+10NaCl	109	1
50meV	Agua+10NaCl	110	1
50meV	Agua+10NaCl	111	1
50meV	Agua+10NaCl	112	1
50meV	Agua+10NaCl	114	1
50meV	Agua+10NaCl	121	1
50meV	Agua+10NaCl	153	1
50meV	Agua+10NaCl	157	1
80meV	Agua-pura	1	4452
80meV	Agua-pura	2	3790
80meV	Agua-pura	3	2781
80meV	Agua-pura	4	1797
80meV	Agua-pura	5	1096
80meV	Agua-pura	6	674
80meV	Agua-pura	7	419
80meV	Agua-pura	8	246
80meV	Agua-pura	9	182
80meV	Agua-pura	10	138
80meV	Agua-pura	11	72
80meV	Agua-pura	12	74
80meV	Agua-pura	13	58
80meV	Agua-pura	14	31
80meV	Agua-pura	15	28
80meV	Agua-pura	16	22
80meV	Agua-pura	17	20
80meV	Agua-pura	18	10
80meV	Agua-pura	19	15
80meV	Agua-pura	20	5
80meV	Agua-pura	21	8
80meV	Agua-pura	22	4
80meV	Agua-pura	23	2
80meV	Agua-pura	24	5
80meV	Agua-pura	25	4
80meV	Agua-pura	26	2
80meV	Agua-pura	27	1
80meV	Agua-pura	28	3
80meV	Agua-pura	29	1
80meV	Agua-pura	31	1
80meV	Agua-pura	34	1
80meV	Agua+2.5NaCl	1	3925
80meV	Agua+2.5NaCl	2	3478
80meV	Agua+2.5NaCl	3	2539
80meV	Agua+2.5NaCl	4	1752
80meV	Agua+2.5NaCl	5	1294
80meV	Agua+2.5NaCl	6	885
80meV	Agua+2.5NaCl	7	648
80meV	Agua+2.5NaCl	8	559
80meV	Agua+2.5NaCl	9	494
80meV	Agua+2.5NaCl	10	458
80meV	Agua+2.5NaCl	11	442
80meV	Agua+2.5NaCl	12	425
80meV	Agua+2.5NaCl	13	392
80meV	Agua+2.5NaCl	14	357
80meV	Agua+2.5NaCl	15	299
80meV	Agua+2.5NaCl	16	289
80meV	Agua+2.5NaCl	17	261
80meV	Agua+2.5NaCl	18	252
80meV	Agua+2.5NaCl	19	204
80meV	Agua+2.5NaCl	20	173
80meV	Agua+2.5NaCl	21	169
80meV	Agua+2.5NaCl	22	154
80meV	Agua+2.5NaCl	23	112
80meV	Agua+2.5NaCl	24	115
80meV	Agua+2.5NaCl	25	85
80meV	Agua+2.5NaCl	26	71
80meV	Agua+2.5NaCl	27	66
80meV	Agua+2.5NaCl	28	77
80meV	Agua+2.5NaCl	29	61
80meV	Agua+2.5NaCl	30	61
80meV	Agua+2.5NaCl	31	47
80meV	Agua+2.5NaCl	32	37
80meV	Agua+2.5NaCl	33	45
80meV	Agua+2.5NaCl	34	28
80meV	Agua+2.5NaCl	35	38
80meV	Agua+2.5NaCl	36	28
80meV	Agua+2.5NaCl	37	30
80meV	Agua+2.5NaCl	38	30
80meV	Agua+2.5NaCl	39	26
80meV	Agua+2.5NaCl	40	21
80meV	Agua+2.5NaCl	41	15
80meV	Agua+2.5NaCl	42	18
80meV	Agua+2.5NaCl	43	18
80meV	Agua+2.5NaCl	44	16
80meV	Agua+2.5NaCl	45	23
80meV	Agua+2.5NaCl	46	11
80meV	Agua+2.5NaCl	47	20
80meV	Agua+2.5NaCl	48	7
80meV	Agua+2.5NaCl	49	13
80meV	Agua+2.5NaCl	50	8
80meV	Agua+2.5NaCl	51	11
80meV	Agua+2.5NaCl	52	7
80meV	Agua+2.5NaCl	53	15
80meV	Agua+2.5NaCl	54	5
80meV	Agua+2.5NaCl	55	11
80meV	Agua+2.5NaCl	56	11
80meV	Agua+2.5NaCl	57	3
80meV	Agua+2.5NaCl	58	7
80meV	Agua+2.5NaCl	59	5
80meV	Agua+2.5NaCl	60	2
80meV	Agua+2.5NaCl	61	3
80meV	Agua+2.5NaCl	62	7
80meV	Agua+2.5NaCl	63	7
80meV	Agua+2.5NaCl	64	7
80meV	Agua+2.5NaCl	65	4
80meV	Agua+2.5NaCl	66	3
80meV	Agua+2.5NaCl	67	3
80meV	Agua+2.5NaCl	68	6
80meV	Agua+2.5NaCl	69	2
80meV	Agua+2.5NaCl	70	7
80meV	Agua+2.5NaCl	71	3
80meV	Agua+2.5NaCl	72	6
80meV	Agua+2.5NaCl	73	3
80meV	Agua+2.5NaCl	74	3
80meV	Agua+2.5NaCl	75	3
80meV	Agua+2.5NaCl	77	3
80meV	Agua+2.5NaCl	78	5
80meV	Agua+2.5NaCl	80	4
80meV	Agua+2.5NaCl	82	4
80meV	Agua+2.5NaCl	83	5
80meV	Agua+2.5NaCl	84	2
80meV	Agua+2.5NaCl	85	2
80meV	Agua+2.5NaCl	88	2
80meV	Agua+2.5NaCl	89	4
80meV	Agua+2.5NaCl	91	2
80meV	Agua+2.5NaCl	94	1
80meV	Agua+2.5NaCl	102	2
80meV	Agua+2.5NaCl	104	1
80meV	Agua+2.5NaCl	108	1
80meV	Agua+2.5NaCl	116	1
80meV	Agua+2.5NaCl	137	1
80meV	Agua+2.5NaCl	155	1
80meV	Agua+5NaCl	1	3888
80meV	Agua+5NaCl	2	3344
80meV	Agua+5NaCl	3	2458
80meV	Agua+5NaCl	4	1854
80meV	Agua+5NaCl	5	1318
80meV	Agua+5NaCl	6	1020
80meV	Agua+5NaCl	7	877
80meV	Agua+5NaCl	8	777
80meV	Agua+5NaCl	9	722
80meV	Agua+5NaCl	10	676
80meV	Agua+5NaCl	11	629
80meV	Agua+5NaCl	12	584
80meV	Agua+5NaCl	13	587
80meV	Agua+5NaCl	14	521
80meV	Agua+5NaCl	15	517
80meV	Agua+5NaCl	16	441
80meV	Agua+5NaCl	17	412
80meV	Agua+5NaCl	18	352
80meV	Agua+5NaCl	19	301
80meV	Agua+5NaCl	20	285
80meV	Agua+5NaCl	21	250
80meV	Agua+5NaCl	22	214
80meV	Agua+5NaCl	23	202
80meV	Agua+5NaCl	24	177
80meV	Agua+5NaCl	25	144
80meV	Agua+5NaCl	26	101
80meV	Agua+5NaCl	27	111
80meV	Agua+5NaCl	28	71
80meV	Agua+5NaCl	29	95
80meV	Agua+5NaCl	30	96
80meV	Agua+5NaCl	31	64
80meV	Agua+5NaCl	32	67
80meV	Agua+5NaCl	33	66
80meV	Agua+5NaCl	34	48
80meV	Agua+5NaCl	35	56
80meV	Agua+5NaCl	36	53
80meV	Agua+5NaCl	37	43
80meV	Agua+5NaCl	38	42
80meV	Agua+5NaCl	39	34
80meV	Agua+5NaCl	40	32
80meV	Agua+5NaCl	41	38
80meV	Agua+5NaCl	42	27
80meV	Agua+5NaCl	43	31
80meV	Agua+5NaCl	44	27
80meV	Agua+5NaCl	45	29
80meV	Agua+5NaCl	46	21
80meV	Agua+5NaCl	47	20
80meV	Agua+5NaCl	48	23
80meV	Agua+5NaCl	49	16
80meV	Agua+5NaCl	50	15
80meV	Agua+5NaCl	51	14
80meV	Agua+5NaCl	52	14
80meV	Agua+5NaCl	53	23
80meV	Agua+5NaCl	54	18
80meV	Agua+5NaCl	55	11
80meV	Agua+5NaCl	56	15
80meV	Agua+5NaCl	57	10
80meV	Agua+5NaCl	58	11
80meV	Agua+5NaCl	59	11
80meV	Agua+5NaCl	60	11
80meV	Agua+5NaCl	61	12
80meV	Agua+5NaCl	62	3
80meV	Agua+5NaCl	63	12
80meV	Agua+5NaCl	64	8
80meV	Agua+5NaCl	65	9
80meV	Agua+5NaCl	66	5
80meV	Agua+5NaCl	67	8
80meV	Agua+5NaCl	68	8
80meV	Agua+5NaCl	69	6
80meV	Agua+5NaCl	70	6
80meV	Agua+5NaCl	71	7
80meV	Agua+5NaCl	72	11
80meV	Agua+5NaCl	73	7
80meV	Agua+5NaCl	74	5
80meV	Agua+5NaCl	75	5
80meV	Agua+5NaCl	76	5
80meV	Agua+5NaCl	77	7
80meV	Agua+5NaCl	78	1
80meV	Agua+5NaCl	79	3
80meV	Agua+5NaCl	80	4
80meV	Agua+5NaCl	81	3
80meV	Agua+5NaCl	82	3
80meV	Agua+5NaCl	83	4
80meV	Agua+5NaCl	84	2
80meV	Agua+5NaCl	85	5
80meV	Agua+5NaCl	86	2
80meV	Agua+5NaCl	87	4
80meV	Agua+5NaCl	88	4
80meV	Agua+5NaCl	89	4
80meV	Agua+5NaCl	90	1
80meV	Agua+5NaCl	91	5
80meV	Agua+5NaCl	92	2
80meV	Agua+5NaCl	93	3
80meV	Agua+5NaCl	96	1
80meV	Agua+5NaCl	97	1
80meV	Agua+5NaCl	101	1
80meV	Agua+5NaCl	102	1
80meV	Agua+5NaCl	103	1
80meV	Agua+5NaCl	104	1
80meV	Agua+5NaCl	105	1
80meV	Agua+5NaCl	106	1
80meV	Agua+5NaCl	109	1
80meV	Agua+5NaCl	111	1
80meV	Agua+5NaCl	112	1
80meV	Agua+5NaCl	116	1
80meV	Agua+5NaCl	117	1
80meV	Agua+5NaCl	123	1
80meV	Agua+5NaCl	157	1
80meV	Agua+10NaCl	1	3915
80meV	Agua+10NaCl	2	3233
80meV	Agua+10NaCl	3	2525
80meV	Agua+10NaCl	4	1946
80meV	Agua+10NaCl	5	1586
80meV	Agua+10NaCl	6	1347
80meV	Agua+10NaCl	7	1185
80meV	Agua+10NaCl	8	1023
80meV	Agua+10NaCl	9	978
80meV	Agua+10NaCl	10	959
80meV	Agua+10NaCl	11	940
80meV	Agua+10NaCl	12	887
80meV	Agua+10NaCl	13	882
80meV	Agua+10NaCl	14	791
80meV	Agua+10NaCl	15	792
80meV	Agua+10NaCl	16	666
80meV	Agua+10NaCl	17	597
80meV	Agua+10NaCl	18	543
80meV	Agua+10NaCl	19	500
80meV	Agua+10NaCl	20	441
80meV	Agua+10NaCl	21	342
80meV	Agua+10NaCl	22	319
80meV	Agua+10NaCl	23	293
80meV	Agua+10NaCl	24	281
80meV	Agua+10NaCl	25	213
80meV	Agua+10NaCl	26	229
80meV	Agua+10NaCl	27	191
80meV	Agua+10NaCl	28	168
80meV	Agua+10NaCl	29	140
80meV	Agua+10NaCl	30	130
80meV	Agua+10NaCl	31	113
80meV	Agua+10NaCl	32	101
80meV	Agua+10NaCl	33	85
80meV	Agua+10NaCl	34	102
80meV	Agua+10NaCl	35	94
80meV	Agua+10NaCl	36	67
80meV	Agua+10NaCl	37	74
80meV	Agua+10NaCl	38	52
80meV	Agua+10NaCl	39	53
80meV	Agua+10NaCl	40	60
80meV	Agua+10NaCl	41	46
80meV	Agua+10NaCl	42	46
80meV	Agua+10NaCl	43	38
80meV	Agua+10NaCl	44	40
80meV	Agua+10NaCl	45	33
80meV	Agua+10NaCl	46	35
80meV	Agua+10NaCl	47	37
80meV	Agua+10NaCl	48	33
80meV	Agua+10NaCl	49	24
80meV	Agua+10NaCl	50	22
80meV	Agua+10NaCl	51	29
80meV	Agua+10NaCl	52	19
80meV	Agua+10NaCl	53	15
80meV	Agua+10NaCl	54	21
80meV	Agua+10NaCl	55	17
80meV	Agua+10NaCl	56	18
80meV	Agua+10NaCl	57	20
80meV	Agua+10NaCl	58	15
80meV	Agua+10NaCl	59	23
80meV	Agua+10NaCl	60	12
80meV	Agua+10NaCl	61	17
80meV	Agua+10NaCl	62	11
80meV	Agua+10NaCl	63	10
80meV	Agua+10NaCl	64	7
80meV	Agua+10NaCl	65	15
80meV	Agua+10NaCl	66	6
80meV	Agua+10NaCl	67	9
80meV	Agua+10NaCl	68	12
80meV	Agua+10NaCl	69	11
80meV	Agua+10NaCl	70	10
80meV	Agua+10NaCl	71	9
80meV	Agua+10NaCl	72	7
80meV	Agua+10NaCl	73	12
80meV	Agua+10NaCl	74	14
80meV	Agua+10NaCl	75	7
80meV	Agua+10NaCl	76	7
80meV	Agua+10NaCl	77	6
80meV	Agua+10NaCl	78	10
80meV	Agua+10NaCl	79	10
80meV	Agua+10NaCl	80	5
80meV	Agua+10NaCl	81	12
80meV	Agua+10NaCl	82	6
80meV	Agua+10NaCl	83	3
80meV	Agua+10NaCl	84	6
80meV	Agua+10NaCl	85	6
80meV	Agua+10NaCl	86	2
80meV	Agua+10NaCl	87	3
80meV	Agua+10NaCl	89	4
80meV	Agua+10NaCl	90	5
80meV	Agua+10NaCl	91	4
80meV	Agua+10NaCl	92	3
80meV	Agua+10NaCl	94	4
80meV	Agua+10NaCl	95	1
80meV	Agua+10NaCl	96	1
80meV	Agua+10NaCl	97	2
80meV	Agua+10NaCl	98	1
80meV	Agua+10NaCl	99	1
80meV	Agua+10NaCl	100	3
80meV	Agua+10NaCl	101	4
80meV	Agua+10NaCl	102	1
80meV	Agua+10NaCl	105	1
80meV	Agua+10NaCl	106	1
80meV	Agua+10NaCl	108	1
80meV	Agua+10NaCl	111	1
80meV	Agua+10NaCl	117	1
80meV	Agua+10NaCl	120	1
80meV	Agua+10NaCl	126	1
80meV	Agua+10NaCl	144	1
100meV	Agua-pura	1	4398
100meV	Agua-pura	2	3910
100meV	Agua-pura	3	2792
100meV	Agua-pura	4	1859
100meV	Agua-pura	5	1115
100meV	Agua-pura	6	670
100meV	Agua-pura	7	451
100meV	Agua-pura	8	261
100meV	Agua-pura	9	155
100meV	Agua-pura	10	116
100meV	Agua-pura	11	97
100meV	Agua-pura	12	74
100meV	Agua-pura	13	54
100meV	Agua-pura	14	34
100meV	Agua-pura	15	38
100meV	Agua-pura	16	28
100meV	Agua-pura	17	31
100meV	Agua-pura	18	21
100meV	Agua-pura	19	12
100meV	Agua-pura	20	9
100meV	Agua-pura	21	16
100meV	Agua-pura	22	6
100meV	Agua-pura	23	3
100meV	Agua-pura	24	1
100meV	Agua-pura	25	1
100meV	Agua-pura	26	2
100meV	Agua-pura	27	3
100meV	Agua+2.5NaCl	1	4096
100meV	Agua+2.5NaCl	2	3552
100meV	Agua+2.5NaCl	3	2556
100meV	Agua+2.5NaCl	4	1822
100meV	Agua+2.5NaCl	5	1282
100meV	Agua+2.5NaCl	6	920
100meV	Agua+2.5NaCl	7	660
100meV	Agua+2.5NaCl	8	598
100meV	Agua+2.5NaCl	9	565
100meV	Agua+2.5NaCl	10	478
100meV	Agua+2.5NaCl	11	447
100meV	Agua+2.5NaCl	12	405
100meV	Agua+2.5NaCl	13	380
100meV	Agua+2.5NaCl	14	368
100meV	Agua+2.5NaCl	15	327
100meV	Agua+2.5NaCl	16	270
100meV	Agua+2.5NaCl	17	279
100meV	Agua+2.5NaCl	18	238
100meV	Agua+2.5NaCl	19	211
100meV	Agua+2.5NaCl	20	188
100meV	Agua+2.5NaCl	21	160
100meV	Agua+2.5NaCl	22	144
100meV	Agua+2.5NaCl	23	126
100meV	Agua+2.5NaCl	24	119
100meV	Agua+2.5NaCl	25	114
100meV	Agua+2.5NaCl	26	79
100meV	Agua+2.5NaCl	27	92
100meV	Agua+2.5NaCl	28	76
100meV	Agua+2.5NaCl	29	56
100meV	Agua+2.5NaCl	30	49
100meV	Agua+2.5NaCl	31	50
100meV	Agua+2.5NaCl	32	55
100meV	Agua+2.5NaCl	33	37
100meV	Agua+2.5NaCl	34	30
100meV	Agua+2.5NaCl	35	40
100meV	Agua+2.5NaCl	36	41
100meV	Agua+2.5NaCl	37	22
100meV	Agua+2.5NaCl	38	23
100meV	Agua+2.5NaCl	39	23
100meV	Agua+2.5NaCl	40	22
100meV	Agua+2.5NaCl	41	24
100meV	Agua+2.5NaCl	42	22
100meV	Agua+2.5NaCl	43	16
100meV	Agua+2.5NaCl	44	12
100meV	Agua+2.5NaCl	45	11
100meV	Agua+2.5NaCl	46	25
100meV	Agua+2.5NaCl	47	15
100meV	Agua+2.5NaCl	48	12
100meV	Agua+2.5NaCl	49	5
100meV	Agua+2.5NaCl	50	14
100meV	Agua+2.5NaCl	51	6
100meV	Agua+2.5NaCl	52	8
100meV	Agua+2.5NaCl	53	11
100meV	Agua+2.5NaCl	54	8
100meV	Agua+2.5NaCl	55	7
100meV	Agua+2.5NaCl	56	7
100meV	Agua+2.5NaCl	57	10
100meV	Agua+2.5NaCl	58	3
100meV	Agua+2.5NaCl	59	7
100meV	Agua+2.5NaCl	60	6
100meV	Agua+2.5NaCl	61	9
100meV	Agua+2.5NaCl	62	8
100meV	Agua+2.5NaCl	63	9
100meV	Agua+2.5NaCl	64	1
100meV	Agua+2.5NaCl	65	6
100meV	Agua+2.5NaCl	66	6
100meV	Agua+2.5NaCl	67	3
100meV	Agua+2.5NaCl	68	5
100meV	Agua+2.5NaCl	69	5
100meV	Agua+2.5NaCl	70	2
100meV	Agua+2.5NaCl	71	2
100meV	Agua+2.5NaCl	72	6
100meV	Agua+2.5NaCl	73	3
100meV	Agua+2.5NaCl	74	5
100meV	Agua+2.5NaCl	75	3
100meV	Agua+2.5NaCl	76	2
100meV	Agua+2.5NaCl	77	4
100meV	Agua+2.5NaCl	78	2
100meV	Agua+2.5NaCl	79	1
100meV	Agua+2.5NaCl	80	2
100meV	Agua+2.5NaCl	81	2
100meV	Agua+2.5NaCl	82	2
100meV	Agua+2.5NaCl	83	3
100meV	Agua+2.5NaCl	84	3
100meV	Agua+2.5NaCl	85	1
100meV	Agua+2.5NaCl	86	3
100meV	Agua+2.5NaCl	87	3
100meV	Agua+2.5NaCl	88	3
100meV	Agua+2.5NaCl	90	1
100meV	Agua+2.5NaCl	91	2
100meV	Agua+2.5NaCl	93	2
100meV	Agua+2.5NaCl	94	1
100meV	Agua+2.5NaCl	96	1
100meV	Agua+2.5NaCl	99	1
100meV	Agua+2.5NaCl	100	1
100meV	Agua+2.5NaCl	103	1
100meV	Agua+2.5NaCl	105	1
100meV	Agua+2.5NaCl	106	1
100meV	Agua+2.5NaCl	109	1
100meV	Agua+2.5NaCl	117	1
100meV	Agua+2.5NaCl	121	2
100meV	Agua+5NaCl	1	4030
100meV	Agua+5NaCl	2	3389
100meV	Agua+5NaCl	3	2453
100meV	Agua+5NaCl	4	1953
100meV	Agua+5NaCl	5	1384
100meV	Agua+5NaCl	6	1037
100meV	Agua+5NaCl	7	895
100meV	Agua+5NaCl	8	810
100meV	Agua+5NaCl	9	750
100meV	Agua+5NaCl	10	715
100meV	Agua+5NaCl	11	649
100meV	Agua+5NaCl	12	611
100meV	Agua+5NaCl	13	586
100meV	Agua+5NaCl	14	537
100meV	Agua+5NaCl	15	518
100meV	Agua+5NaCl	16	427
100meV	Agua+5NaCl	17	405
100meV	Agua+5NaCl	18	357
100meV	Agua+5NaCl	19	303
100meV	Agua+5NaCl	20	313
100meV	Agua+5NaCl	21	247
100meV	Agua+5NaCl	22	239
100meV	Agua+5NaCl	23	181
100meV	Agua+5NaCl	24	150
100meV	Agua+5NaCl	25	156
100meV	Agua+5NaCl	26	125
100meV	Agua+5NaCl	27	123
100meV	Agua+5NaCl	28	103
100meV	Agua+5NaCl	29	102
100meV	Agua+5NaCl	30	70
100meV	Agua+5NaCl	31	74
100meV	Agua+5NaCl	32	86
100meV	Agua+5NaCl	33	58
100meV	Agua+5NaCl	34	52
100meV	Agua+5NaCl	35	53
100meV	Agua+5NaCl	36	48
100meV	Agua+5NaCl	37	50
100meV	Agua+5NaCl	38	50
100meV	Agua+5NaCl	39	44
100meV	Agua+5NaCl	40	38
100meV	Agua+5NaCl	41	31
100meV	Agua+5NaCl	42	28
100meV	Agua+5NaCl	43	21
100meV	Agua+5NaCl	44	24
100meV	Agua+5NaCl	45	24
100meV	Agua+5NaCl	46	25
100meV	Agua+5NaCl	47	24
100meV	Agua+5NaCl	48	17
100meV	Agua+5NaCl	49	13
100meV	Agua+5NaCl	50	17
100meV	Agua+5NaCl	51	23
100meV	Agua+5NaCl	52	23
100meV	Agua+5NaCl	53	17
100meV	Agua+5NaCl	54	7
100meV	Agua+5NaCl	55	14
100meV	Agua+5NaCl	56	10
100meV	Agua+5NaCl	57	13
100meV	Agua+5NaCl	58	7
100meV	Agua+5NaCl	59	10
100meV	Agua+5NaCl	60	11
100meV	Agua+5NaCl	61	9
100meV	Agua+5NaCl	62	9
100meV	Agua+5NaCl	63	4
100meV	Agua+5NaCl	64	11
100meV	Agua+5NaCl	65	5
100meV	Agua+5NaCl	66	6
100meV	Agua+5NaCl	67	8
100meV	Agua+5NaCl	68	6
100meV	Agua+5NaCl	69	7
100meV	Agua+5NaCl	70	3
100meV	Agua+5NaCl	71	5
100meV	Agua+5NaCl	72	7
100meV	Agua+5NaCl	73	5
100meV	Agua+5NaCl	74	6
100meV	Agua+5NaCl	75	4
100meV	Agua+5NaCl	76	3
100meV	Agua+5NaCl	77	7
100meV	Agua+5NaCl	78	7
100meV	Agua+5NaCl	79	1
100meV	Agua+5NaCl	80	5
100meV	Agua+5NaCl	81	4
100meV	Agua+5NaCl	82	12
100meV	Agua+5NaCl	83	2
100meV	Agua+5NaCl	84	4
100meV	Agua+5NaCl	85	5
100meV	Agua+5NaCl	86	4
100meV	Agua+5NaCl	87	2
100meV	Agua+5NaCl	88	4
100meV	Agua+5NaCl	89	2
100meV	Agua+5NaCl	90	1
100meV	Agua+5NaCl	91	2
100meV	Agua+5NaCl	93	3
100meV	Agua+5NaCl	94	1
100meV	Agua+5NaCl	95	2
100meV	Agua+5NaCl	96	1
100meV	Agua+5NaCl	97	2
100meV	Agua+5NaCl	99	1
100meV	Agua+5NaCl	100	1
100meV	Agua+5NaCl	101	1
100meV	Agua+5NaCl	102	1
100meV	Agua+5NaCl	105	1
100meV	Agua+5NaCl	107	1
100meV	Agua+5NaCl	108	1
100meV	Agua+5NaCl	109	1
100meV	Agua+5NaCl	111	1
100meV	Agua+5NaCl	114	1
100meV	Agua+5NaCl	117	1
100meV	Agua+10NaCl	1	4017
100meV	Agua+10NaCl	2	3384
100meV	Agua+10NaCl	3	2580
100meV	Agua+10NaCl	4	2020
100meV	Agua+10NaCl	5	1599
100meV	Agua+10NaCl	6	1322
100meV	Agua+10NaCl	7	1144
100meV	Agua+10NaCl	8	1012
100meV	Agua+10NaCl	9	970
100meV	Agua+10NaCl	10	1020
100meV	Agua+10NaCl	11	973
100meV	Agua+10NaCl	12	866
100meV	Agua+10NaCl	13	833
100meV	Agua+10NaCl	14	807
100meV	Agua+10NaCl	15	782
100meV	Agua+10NaCl	16	679
100meV	Agua+10NaCl	17	594
100meV	Agua+10NaCl	18	558
100meV	Agua+10NaCl	19	502
100meV	Agua+10NaCl	20	421
100meV	Agua+10NaCl	21	376
100meV	Agua+10NaCl	22	294
100meV	Agua+10NaCl	23	296
100meV	Agua+10NaCl	24	262
100meV	Agua+10NaCl	25	213
100meV	Agua+10NaCl	26	212
100meV	Agua+10NaCl	27	184
100meV	Agua+10NaCl	28	176
100meV	Agua+10NaCl	29	139
100meV	Agua+10NaCl	30	131
100meV	Agua+10NaCl	31	138
100meV	Agua+10NaCl	32	104
100meV	Agua+10NaCl	33	97
100meV	Agua+10NaCl	34	101
100meV	Agua+10NaCl	35	74
100meV	Agua+10NaCl	36	85
100meV	Agua+10NaCl	37	73
100meV	Agua+10NaCl	38	84
100meV	Agua+10NaCl	39	57
100meV	Agua+10NaCl	40	69
100meV	Agua+10NaCl	41	61
100meV	Agua+10NaCl	42	33
100meV	Agua+10NaCl	43	51
100meV	Agua+10NaCl	44	35
100meV	Agua+10NaCl	45	26
100meV	Agua+10NaCl	46	41
100meV	Agua+10NaCl	47	39
100meV	Agua+10NaCl	48	38
100meV	Agua+10NaCl	49	17
100meV	Agua+10NaCl	50	29
100meV	Agua+10NaCl	51	24
100meV	Agua+10NaCl	52	23
100meV	Agua+10NaCl	53	20
100meV	Agua+10NaCl	54	17
100meV	Agua+10NaCl	55	14
100meV	Agua+10NaCl	56	20
100meV	Agua+10NaCl	57	29
100meV	Agua+10NaCl	58	19
100meV	Agua+10NaCl	59	18
100meV	Agua+10NaCl	60	18
100meV	Agua+10NaCl	61	14
100meV	Agua+10NaCl	62	11
100meV	Agua+10NaCl	63	9
100meV	Agua+10NaCl	64	8
100meV	Agua+10NaCl	65	16
100meV	Agua+10NaCl	66	14
100meV	Agua+10NaCl	67	12
100meV	Agua+10NaCl	68	12
100meV	Agua+10NaCl	69	8
100meV	Agua+10NaCl	70	10
100meV	Agua+10NaCl	71	14
100meV	Agua+10NaCl	72	11
100meV	Agua+10NaCl	73	6
100meV	Agua+10NaCl	74	8
100meV	Agua+10NaCl	75	6
100meV	Agua+10NaCl	76	8
100meV	Agua+10NaCl	77	11
100meV	Agua+10NaCl	78	4
100meV	Agua+10NaCl	79	5
100meV	Agua+10NaCl	80	7
100meV	Agua+10NaCl	81	8
100meV	Agua+10NaCl	82	10
100meV	Agua+10NaCl	83	3
100meV	Agua+10NaCl	84	7
100meV	Agua+10NaCl	85	3
100meV	Agua+10NaCl	86	5
100meV	Agua+10NaCl	87	6
100meV	Agua+10NaCl	88	3
100meV	Agua+10NaCl	90	2
100meV	Agua+10NaCl	91	2
100meV	Agua+10NaCl	92	3
100meV	Agua+10NaCl	93	2
100meV	Agua+10NaCl	94	3
100meV	Agua+10NaCl	95	9
100meV	Agua+10NaCl	96	4
100meV	Agua+10NaCl	98	2
100meV	Agua+10NaCl	99	2
100meV	Agua+10NaCl	101	5
100meV	Agua+10NaCl	102	1
100meV	Agua+10NaCl	105	3
100meV	Agua+10NaCl	112	2
100meV	Agua+10NaCl	113	2
100meV	Agua+10NaCl	118	1
100meV	Agua+10NaCl	120	1
100meV	Agua+10NaCl	122	1
100meV	Agua+10NaCl	130	1
100meV	Agua+10NaCl	132	1
100meV	Agua+10NaCl	137	1
300meV	Agua-pura	1	4670
300meV	Agua-pura	2	4068
300meV	Agua-pura	3	3009
300meV	Agua-pura	4	1987
300meV	Agua-pura	5	1188
300meV	Agua-pura	6	717
300meV	Agua-pura	7	439
300meV	Agua-pura	8	294
300meV	Agua-pura	9	186
300meV	Agua-pura	10	146
300meV	Agua-pura	11	87
300meV	Agua-pura	12	72
300meV	Agua-pura	13	59
300meV	Agua-pura	14	57
300meV	Agua-pura	15	35
300meV	Agua-pura	16	34
300meV	Agua-pura	17	17
300meV	Agua-pura	18	25
300meV	Agua-pura	19	16
300meV	Agua-pura	20	10
300meV	Agua-pura	21	8
300meV	Agua-pura	22	5
300meV	Agua-pura	23	5
300meV	Agua-pura	24	10
300meV	Agua-pura	26	3
300meV	Agua-pura	27	1
300meV	Agua-pura	29	1
300meV	Agua+2.5NaCl	1	4310
300meV	Agua+2.5NaCl	2	3644
300meV	Agua+2.5NaCl	3	2814
300meV	Agua+2.5NaCl	4	1906
300meV	Agua+2.5NaCl	5	1410
300meV	Agua+2.5NaCl	6	987
300meV	Agua+2.5NaCl	7	754
300meV	Agua+2.5NaCl	8	620
300meV	Agua+2.5NaCl	9	592
300meV	Agua+2.5NaCl	10	511
300meV	Agua+2.5NaCl	11	451
300meV	Agua+2.5NaCl	12	433
300meV	Agua+2.5NaCl	13	393
300meV	Agua+2.5NaCl	14	394
300meV	Agua+2.5NaCl	15	335
300meV	Agua+2.5NaCl	16	324
300meV	Agua+2.5NaCl	17	271
300meV	Agua+2.5NaCl	18	246
300meV	Agua+2.5NaCl	19	228
300meV	Agua+2.5NaCl	20	190
300meV	Agua+2.5NaCl	21	146
300meV	Agua+2.5NaCl	22	137
300meV	Agua+2.5NaCl	23	138
300meV	Agua+2.5NaCl	24	102
300meV	Agua+2.5NaCl	25	93
300meV	Agua+2.5NaCl	26	79
300meV	Agua+2.5NaCl	27	67
300meV	Agua+2.5NaCl	28	81
300meV	Agua+2.5NaCl	29	82
300meV	Agua+2.5NaCl	30	58
300meV	Agua+2.5NaCl	31	55
300meV	Agua+2.5NaCl	32	40
300meV	Agua+2.5NaCl	33	31
300meV	Agua+2.5NaCl	34	38
300meV	Agua+2.5NaCl	35	30
300meV	Agua+2.5NaCl	36	28
300meV	Agua+2.5NaCl	37	24
300meV	Agua+2.5NaCl	38	33
300meV	Agua+2.5NaCl	39	23
300meV	Agua+2.5NaCl	40	23
300meV	Agua+2.5NaCl	41	25
300meV	Agua+2.5NaCl	42	22
300meV	Agua+2.5NaCl	43	21
300meV	Agua+2.5NaCl	44	20
300meV	Agua+2.5NaCl	45	15
300meV	Agua+2.5NaCl	46	17
300meV	Agua+2.5NaCl	47	14
300meV	Agua+2.5NaCl	48	13
300meV	Agua+2.5NaCl	49	9
300meV	Agua+2.5NaCl	50	13
300meV	Agua+2.5NaCl	51	11
300meV	Agua+2.5NaCl	52	10
300meV	Agua+2.5NaCl	53	8
300meV	Agua+2.5NaCl	54	16
300meV	Agua+2.5NaCl	55	12
300meV	Agua+2.5NaCl	56	9
300meV	Agua+2.5NaCl	57	9
300meV	Agua+2.5NaCl	58	13
300meV	Agua+2.5NaCl	59	10
300meV	Agua+2.5NaCl	60	7
300meV	Agua+2.5NaCl	61	9
300meV	Agua+2.5NaCl	62	7
300meV	Agua+2.5NaCl	63	5
300meV	Agua+2.5NaCl	64	7
300meV	Agua+2.5NaCl	65	6
300meV	Agua+2.5NaCl	66	3
300meV	Agua+2.5NaCl	67	5
300meV	Agua+2.5NaCl	68	6
300meV	Agua+2.5NaCl	69	2
300meV	Agua+2.5NaCl	70	6
300meV	Agua+2.5NaCl	71	2
300meV	Agua+2.5NaCl	72	6
300meV	Agua+2.5NaCl	74	5
300meV	Agua+2.5NaCl	75	5
300meV	Agua+2.5NaCl	76	1
300meV	Agua+2.5NaCl	77	1
300meV	Agua+2.5NaCl	78	2
300meV	Agua+2.5NaCl	79	3
300meV	Agua+2.5NaCl	80	2
300meV	Agua+2.5NaCl	81	3
300meV	Agua+2.5NaCl	82	2
300meV	Agua+2.5NaCl	83	1
300meV	Agua+2.5NaCl	84	1
300meV	Agua+2.5NaCl	85	2
300meV	Agua+2.5NaCl	86	3
300meV	Agua+2.5NaCl	87	2
300meV	Agua+2.5NaCl	88	1
300meV	Agua+2.5NaCl	89	2
300meV	Agua+2.5NaCl	91	3
300meV	Agua+2.5NaCl	94	1
300meV	Agua+2.5NaCl	95	2
300meV	Agua+2.5NaCl	96	1
300meV	Agua+2.5NaCl	98	1
300meV	Agua+2.5NaCl	99	1
300meV	Agua+2.5NaCl	100	2
300meV	Agua+2.5NaCl	101	1
300meV	Agua+2.5NaCl	102	1
300meV	Agua+2.5NaCl	108	1
300meV	Agua+2.5NaCl	109	1
300meV	Agua+2.5NaCl	111	1
300meV	Agua+2.5NaCl	113	1
300meV	Agua+5NaCl	1	4155
300meV	Agua+5NaCl	2	3506
300meV	Agua+5NaCl	3	2763
300meV	Agua+5NaCl	4	1984
300meV	Agua+5NaCl	5	1524
300meV	Agua+5NaCl	6	1092
300meV	Agua+5NaCl	7	897
300meV	Agua+5NaCl	8	835
300meV	Agua+5NaCl	9	723
300meV	Agua+5NaCl	10	680
300meV	Agua+5NaCl	11	658
300meV	Agua+5NaCl	12	653
300meV	Agua+5NaCl	13	613
300meV	Agua+5NaCl	14	600
300meV	Agua+5NaCl	15	518
300meV	Agua+5NaCl	16	482
300meV	Agua+5NaCl	17	451
300meV	Agua+5NaCl	18	338
300meV	Agua+5NaCl	19	355
300meV	Agua+5NaCl	20	289
300meV	Agua+5NaCl	21	282
300meV	Agua+5NaCl	22	224
300meV	Agua+5NaCl	23	176
300meV	Agua+5NaCl	24	201
300meV	Agua+5NaCl	25	140
300meV	Agua+5NaCl	26	164
300meV	Agua+5NaCl	27	128
300meV	Agua+5NaCl	28	105
300meV	Agua+5NaCl	29	109
300meV	Agua+5NaCl	30	78
300meV	Agua+5NaCl	31	68
300meV	Agua+5NaCl	32	78
300meV	Agua+5NaCl	33	68
300meV	Agua+5NaCl	34	71
300meV	Agua+5NaCl	35	62
300meV	Agua+5NaCl	36	55
300meV	Agua+5NaCl	37	54
300meV	Agua+5NaCl	38	39
300meV	Agua+5NaCl	39	44
300meV	Agua+5NaCl	40	46
300meV	Agua+5NaCl	41	26
300meV	Agua+5NaCl	42	33
300meV	Agua+5NaCl	43	21
300meV	Agua+5NaCl	44	34
300meV	Agua+5NaCl	45	19
300meV	Agua+5NaCl	46	30
300meV	Agua+5NaCl	47	15
300meV	Agua+5NaCl	48	28
300meV	Agua+5NaCl	49	17
300meV	Agua+5NaCl	50	23
300meV	Agua+5NaCl	51	32
300meV	Agua+5NaCl	52	24
300meV	Agua+5NaCl	53	15
300meV	Agua+5NaCl	54	22
300meV	Agua+5NaCl	55	12
300meV	Agua+5NaCl	56	7
300meV	Agua+5NaCl	57	10
300meV	Agua+5NaCl	58	18
300meV	Agua+5NaCl	59	11
300meV	Agua+5NaCl	60	6
300meV	Agua+5NaCl	61	19
300meV	Agua+5NaCl	62	8
300meV	Agua+5NaCl	63	15
300meV	Agua+5NaCl	64	8
300meV	Agua+5NaCl	65	6
300meV	Agua+5NaCl	66	14
300meV	Agua+5NaCl	67	7
300meV	Agua+5NaCl	68	11
300meV	Agua+5NaCl	69	9
300meV	Agua+5NaCl	70	7
300meV	Agua+5NaCl	71	8
300meV	Agua+5NaCl	72	7
300meV	Agua+5NaCl	73	5
300meV	Agua+5NaCl	74	6
300meV	Agua+5NaCl	75	4
300meV	Agua+5NaCl	76	5
300meV	Agua+5NaCl	77	6
300meV	Agua+5NaCl	78	3
300meV	Agua+5NaCl	79	5
300meV	Agua+5NaCl	80	3
300meV	Agua+5NaCl	81	5
300meV	Agua+5NaCl	82	2
300meV	Agua+5NaCl	83	6
300meV	Agua+5NaCl	84	2
300meV	Agua+5NaCl	85	4
300meV	Agua+5NaCl	86	4
300meV	Agua+5NaCl	87	1
300meV	Agua+5NaCl	88	2
300meV	Agua+5NaCl	89	2
300meV	Agua+5NaCl	90	4
300meV	Agua+5NaCl	94	1
300meV	Agua+5NaCl	95	1
300meV	Agua+5NaCl	96	2
300meV	Agua+5NaCl	97	3
300meV	Agua+5NaCl	98	2
300meV	Agua+5NaCl	99	2
300meV	Agua+5NaCl	100	3
300meV	Agua+5NaCl	101	1
300meV	Agua+5NaCl	102	1
300meV	Agua+5NaCl	104	2
300meV	Agua+5NaCl	105	1
300meV	Agua+5NaCl	106	1
300meV	Agua+5NaCl	108	1
300meV	Agua+5NaCl	111	1
300meV	Agua+5NaCl	133	1
300meV	Agua+10NaCl	1	4130
300meV	Agua+10NaCl	2	3480
300meV	Agua+10NaCl	3	2731
300meV	Agua+10NaCl	4	2102
300meV	Agua+10NaCl	5	1623
300meV	Agua+10NaCl	6	1373
300meV	Agua+10NaCl	7	1152
300meV	Agua+10NaCl	8	1115
300meV	Agua+10NaCl	9	1057
300meV	Agua+10NaCl	10	1027
300meV	Agua+10NaCl	11	993
300meV	Agua+10NaCl	12	947
300meV	Agua+10NaCl	13	876
300meV	Agua+10NaCl	14	837
300meV	Agua+10NaCl	15	801
300meV	Agua+10NaCl	16	739
300meV	Agua+10NaCl	17	629
300meV	Agua+10NaCl	18	536
300meV	Agua+10NaCl	19	536
300meV	Agua+10NaCl	20	462
300meV	Agua+10NaCl	21	389
300meV	Agua+10NaCl	22	316
300meV	Agua+10NaCl	23	294
300meV	Agua+10NaCl	24	245
300meV	Agua+10NaCl	25	229
300meV	Agua+10NaCl	26	216
300meV	Agua+10NaCl	27	173
300meV	Agua+10NaCl	28	167
300meV	Agua+10NaCl	29	161
300meV	Agua+10NaCl	30	128
300meV	Agua+10NaCl	31	131
300meV	Agua+10NaCl	32	123
300meV	Agua+10NaCl	33	86
300meV	Agua+10NaCl	34	105
300meV	Agua+10NaCl	35	81
300meV	Agua+10NaCl	36	76
300meV	Agua+10NaCl	37	80
300meV	Agua+10NaCl	38	82
300meV	Agua+10NaCl	39	48
300meV	Agua+10NaCl	40	54
300meV	Agua+10NaCl	41	52
300meV	Agua+10NaCl	42	36
300meV	Agua+10NaCl	43	34
300meV	Agua+10NaCl	44	41
300meV	Agua+10NaCl	45	44
300meV	Agua+10NaCl	46	33
300meV	Agua+10NaCl	47	29
300meV	Agua+10NaCl	48	31
300meV	Agua+10NaCl	49	25
300meV	Agua+10NaCl	50	24
300meV	Agua+10NaCl	51	20
300meV	Agua+10NaCl	52	21
300meV	Agua+10NaCl	53	25
300meV	Agua+10NaCl	54	22
300meV	Agua+10NaCl	55	20
300meV	Agua+10NaCl	56	23
300meV	Agua+10NaCl	57	18
300meV	Agua+10NaCl	58	21
300meV	Agua+10NaCl	59	15
300meV	Agua+10NaCl	60	15
300meV	Agua+10NaCl	61	14
300meV	Agua+10NaCl	62	14
300meV	Agua+10NaCl	63	15
300meV	Agua+10NaCl	64	9
300meV	Agua+10NaCl	65	16
300meV	Agua+10NaCl	66	10
300meV	Agua+10NaCl	67	11
300meV	Agua+10NaCl	68	16
300meV	Agua+10NaCl	69	8
300meV	Agua+10NaCl	70	8
300meV	Agua+10NaCl	71	16
300meV	Agua+10NaCl	72	8
300meV	Agua+10NaCl	73	6
300meV	Agua+10NaCl	74	9
300meV	Agua+10NaCl	75	9
300meV	Agua+10NaCl	76	9
300meV	Agua+10NaCl	77	8
300meV	Agua+10NaCl	78	10
300meV	Agua+10NaCl	79	4
300meV	Agua+10NaCl	80	6
300meV	Agua+10NaCl	81	8
300meV	Agua+10NaCl	82	7
300meV	Agua+10NaCl	83	8
300meV	Agua+10NaCl	84	8
300meV	Agua+10NaCl	85	3
300meV	Agua+10NaCl	86	8
300meV	Agua+10NaCl	87	5
300meV	Agua+10NaCl	88	8
300meV	Agua+10NaCl	89	7
300meV	Agua+10NaCl	90	5
300meV	Agua+10NaCl	91	2
300meV	Agua+10NaCl	92	3
300meV	Agua+10NaCl	93	2
300meV	Agua+10NaCl	94	5
300meV	Agua+10NaCl	95	4
300meV	Agua+10NaCl	96	3
300meV	Agua+10NaCl	97	2
300meV	Agua+10NaCl	98	2
300meV	Agua+10NaCl	99	2
300meV	Agua+10NaCl	100	2
300meV	Agua+10NaCl	101	2
300meV	Agua+10NaCl	102	1
300meV	Agua+10NaCl	103	2
300meV	Agua+10NaCl	104	2
300meV	Agua+10NaCl	105	1
300meV	Agua+10NaCl	106	1
300meV	Agua+10NaCl	111	2
300meV	Agua+10NaCl	112	1
300meV	Agua+10NaCl	113	3
300meV	Agua+10NaCl	114	3
300meV	Agua+10NaCl	115	2
300meV	Agua+10NaCl	119	1
300meV	Agua+10NaCl	125	1
300meV	Agua+10NaCl	126	1
300meV	Agua+10NaCl	135	1
300meV	Agua+10NaCl	139	1
500meV	Agua-pura	1	4874
500meV	Agua-pura	2	4212
500meV	Agua-pura	3	2987
500meV	Agua-pura	4	2054
500meV	Agua-pura	5	1261
500meV	Agua-pura	6	752
500meV	Agua-pura	7	481
500meV	Agua-pura	8	306
500meV	Agua-pura	9	208
500meV	Agua-pura	10	138
500meV	Agua-pura	11	103
500meV	Agua-pura	12	74
500meV	Agua-pura	13	68
500meV	Agua-pura	14	58
500meV	Agua-pura	15	41
500meV	Agua-pura	16	38
500meV	Agua-pura	17	21
500meV	Agua-pura	18	20
500meV	Agua-pura	19	8
500meV	Agua-pura	20	7
500meV	Agua-pura	21	11
500meV	Agua-pura	22	4
500meV	Agua-pura	23	3
500meV	Agua-pura	24	3
500meV	Agua-pura	25	2
500meV	Agua-pura	26	1
500meV	Agua-pura	27	2
500meV	Agua-pura	28	4
500meV	Agua-pura	29	2
500meV	Agua+2.5NaCl	1	4303
500meV	Agua+2.5NaCl	2	3715
500meV	Agua+2.5NaCl	3	2906
500meV	Agua+2.5NaCl	4	1993
500meV	Agua+2.5NaCl	5	1349
500meV	Agua+2.5NaCl	6	1039
500meV	Agua+2.5NaCl	7	759
500meV	Agua+2.5NaCl	8	612
500meV	Agua+2.5NaCl	9	581
500meV	Agua+2.5NaCl	10	506
500meV	Agua+2.5NaCl	11	448
500meV	Agua+2.5NaCl	12	482
500meV	Agua+2.5NaCl	13	432
500meV	Agua+2.5NaCl	14	387
500meV	Agua+2.5NaCl	15	377
500meV	Agua+2.5NaCl	16	281
500meV	Agua+2.5NaCl	17	290
500meV	Agua+2.5NaCl	18	250
500meV	Agua+2.5NaCl	19	226
500meV	Agua+2.5NaCl	20	181
500meV	Agua+2.5NaCl	21	172
500meV	Agua+2.5NaCl	22	129
500meV	Agua+2.5NaCl	23	126
500meV	Agua+2.5NaCl	24	115
500meV	Agua+2.5NaCl	25	102
500meV	Agua+2.5NaCl	26	85
500meV	Agua+2.5NaCl	27	91
500meV	Agua+2.5NaCl	28	66
500meV	Agua+2.5NaCl	29	65
500meV	Agua+2.5NaCl	30	48
500meV	Agua+2.5NaCl	31	53
500meV	Agua+2.5NaCl	32	47
500meV	Agua+2.5NaCl	33	43
500meV	Agua+2.5NaCl	34	33
500meV	Agua+2.5NaCl	35	29
500meV	Agua+2.5NaCl	36	26
500meV	Agua+2.5NaCl	37	25
500meV	Agua+2.5NaCl	38	26
500meV	Agua+2.5NaCl	39	26
500meV	Agua+2.5NaCl	40	20
500meV	Agua+2.5NaCl	41	22
500meV	Agua+2.5NaCl	42	23
500meV	Agua+2.5NaCl	43	27
500meV	Agua+2.5NaCl	44	21
500meV	Agua+2.5NaCl	45	16
500meV	Agua+2.5NaCl	46	10
500meV	Agua+2.5NaCl	47	10
500meV	Agua+2.5NaCl	48	17
500meV	Agua+2.5NaCl	49	16
500meV	Agua+2.5NaCl	50	9
500meV	Agua+2.5NaCl	51	9
500meV	Agua+2.5NaCl	52	10
500meV	Agua+2.5NaCl	53	11
500meV	Agua+2.5NaCl	54	8
500meV	Agua+2.5NaCl	55	5
500meV	Agua+2.5NaCl	56	10
500meV	Agua+2.5NaCl	57	5
500meV	Agua+2.5NaCl	58	8
500meV	Agua+2.5NaCl	59	4
500meV	Agua+2.5NaCl	60	5
500meV	Agua+2.5NaCl	61	12
500meV	Agua+2.5NaCl	62	9
500meV	Agua+2.5NaCl	63	4
500meV	Agua+2.5NaCl	64	4
500meV	Agua+2.5NaCl	65	12
500meV	Agua+2.5NaCl	66	6
500meV	Agua+2.5NaCl	67	2
500meV	Agua+2.5NaCl	68	4
500meV	Agua+2.5NaCl	69	2
500meV	Agua+2.5NaCl	70	2
500meV	Agua+2.5NaCl	71	4
500meV	Agua+2.5NaCl	72	8
500meV	Agua+2.5NaCl	73	3
500meV	Agua+2.5NaCl	74	7
500meV	Agua+2.5NaCl	76	2
500meV	Agua+2.5NaCl	77	4
500meV	Agua+2.5NaCl	78	7
500meV	Agua+2.5NaCl	79	3
500meV	Agua+2.5NaCl	80	2
500meV	Agua+2.5NaCl	81	5
500meV	Agua+2.5NaCl	82	2
500meV	Agua+2.5NaCl	83	2
500meV	Agua+2.5NaCl	84	3
500meV	Agua+2.5NaCl	85	6
500meV	Agua+2.5NaCl	86	2
500meV	Agua+2.5NaCl	88	2
500meV	Agua+2.5NaCl	89	1
500meV	Agua+2.5NaCl	92	1
500meV	Agua+2.5NaCl	93	1
500meV	Agua+2.5NaCl	99	1
500meV	Agua+2.5NaCl	102	1
500meV	Agua+2.5NaCl	106	1
500meV	Agua+2.5NaCl	112	1
500meV	Agua+2.5NaCl	114	1
500meV	Agua+5NaCl	1	4331
500meV	Agua+5NaCl	2	3677
500meV	Agua+5NaCl	3	2784
500meV	Agua+5NaCl	4	2078
500meV	Agua+5NaCl	5	1513
500meV	Agua+5NaCl	6	1218
500meV	Agua+5NaCl	7	970
500meV	Agua+5NaCl	8	824
500meV	Agua+5NaCl	9	731
500meV	Agua+5NaCl	10	766
500meV	Agua+5NaCl	11	689
500meV	Agua+5NaCl	12	644
500meV	Agua+5NaCl	13	603
500meV	Agua+5NaCl	14	557
500meV	Agua+5NaCl	15	550
500meV	Agua+5NaCl	16	485
500meV	Agua+5NaCl	17	415
500meV	Agua+5NaCl	18	399
500meV	Agua+5NaCl	19	363
500meV	Agua+5NaCl	20	276
500meV	Agua+5NaCl	21	242
500meV	Agua+5NaCl	22	244
500meV	Agua+5NaCl	23	226
500meV	Agua+5NaCl	24	170
500meV	Agua+5NaCl	25	151
500meV	Agua+5NaCl	26	112
500meV	Agua+5NaCl	27	140
500meV	Agua+5NaCl	28	116
500meV	Agua+5NaCl	29	99
500meV	Agua+5NaCl	30	72
500meV	Agua+5NaCl	31	103
500meV	Agua+5NaCl	32	92
500meV	Agua+5NaCl	33	67
500meV	Agua+5NaCl	34	63
500meV	Agua+5NaCl	35	60
500meV	Agua+5NaCl	36	50
500meV	Agua+5NaCl	37	54
500meV	Agua+5NaCl	38	47
500meV	Agua+5NaCl	39	40
500meV	Agua+5NaCl	40	45
500meV	Agua+5NaCl	41	33
500meV	Agua+5NaCl	42	33
500meV	Agua+5NaCl	43	30
500meV	Agua+5NaCl	44	30
500meV	Agua+5NaCl	45	18
500meV	Agua+5NaCl	46	21
500meV	Agua+5NaCl	47	24
500meV	Agua+5NaCl	48	22
500meV	Agua+5NaCl	49	15
500meV	Agua+5NaCl	50	21
500meV	Agua+5NaCl	51	16
500meV	Agua+5NaCl	52	21
500meV	Agua+5NaCl	53	20
500meV	Agua+5NaCl	54	15
500meV	Agua+5NaCl	55	13
500meV	Agua+5NaCl	56	13
500meV	Agua+5NaCl	57	14
500meV	Agua+5NaCl	58	12
500meV	Agua+5NaCl	59	8
500meV	Agua+5NaCl	60	9
500meV	Agua+5NaCl	61	12
500meV	Agua+5NaCl	62	10
500meV	Agua+5NaCl	63	5
500meV	Agua+5NaCl	64	3
500meV	Agua+5NaCl	65	8
500meV	Agua+5NaCl	66	4
500meV	Agua+5NaCl	67	3
500meV	Agua+5NaCl	68	6
500meV	Agua+5NaCl	69	6
500meV	Agua+5NaCl	70	12
500meV	Agua+5NaCl	71	2
500meV	Agua+5NaCl	72	5
500meV	Agua+5NaCl	73	9
500meV	Agua+5NaCl	74	4
500meV	Agua+5NaCl	75	3
500meV	Agua+5NaCl	76	8
500meV	Agua+5NaCl	77	5
500meV	Agua+5NaCl	78	5
500meV	Agua+5NaCl	79	4
500meV	Agua+5NaCl	80	3
500meV	Agua+5NaCl	81	5
500meV	Agua+5NaCl	82	2
500meV	Agua+5NaCl	83	4
500meV	Agua+5NaCl	84	3
500meV	Agua+5NaCl	85	3
500meV	Agua+5NaCl	86	1
500meV	Agua+5NaCl	87	1
500meV	Agua+5NaCl	88	3
500meV	Agua+5NaCl	89	3
500meV	Agua+5NaCl	91	2
500meV	Agua+5NaCl	92	3
500meV	Agua+5NaCl	93	3
500meV	Agua+5NaCl	94	1
500meV	Agua+5NaCl	96	3
500meV	Agua+5NaCl	97	1
500meV	Agua+5NaCl	98	1
500meV	Agua+5NaCl	100	2
500meV	Agua+5NaCl	102	2
500meV	Agua+5NaCl	103	4
500meV	Agua+5NaCl	104	1
500meV	Agua+5NaCl	105	1
500meV	Agua+5NaCl	106	1
500meV	Agua+5NaCl	110	1
500meV	Agua+5NaCl	112	1
500meV	Agua+5NaCl	114	2
500meV	Agua+5NaCl	126	1
500meV	Agua+5NaCl	137	1
500meV	Agua+5NaCl	156	1
500meV	Agua+10NaCl	1	4157
500meV	Agua+10NaCl	2	3610
500meV	Agua+10NaCl	3	2815
500meV	Agua+10NaCl	4	2216
500meV	Agua+10NaCl	5	1650
500meV	Agua+10NaCl	6	1426
500meV	Agua+10NaCl	7	1207
500meV	Agua+10NaCl	8	1127
500meV	Agua+10NaCl	9	1006
500meV	Agua+10NaCl	10	984
500meV	Agua+10NaCl	11	958
500meV	Agua+10NaCl	12	1018
500meV	Agua+10NaCl	13	894
500meV	Agua+10NaCl	14	830
500meV	Agua+10NaCl	15	754
500meV	Agua+10NaCl	16	734
500meV	Agua+10NaCl	17	631
500meV	Agua+10NaCl	18	518
500meV	Agua+10NaCl	19	497
500meV	Agua+10NaCl	20	435
500meV	Agua+10NaCl	21	429
500meV	Agua+10NaCl	22	351
500meV	Agua+10NaCl	23	316
500meV	Agua+10NaCl	24	270
500meV	Agua+10NaCl	25	199
500meV	Agua+10NaCl	26	192
500meV	Agua+10NaCl	27	186
500meV	Agua+10NaCl	28	156
500meV	Agua+10NaCl	29	156
500meV	Agua+10NaCl	30	151
500meV	Agua+10NaCl	31	134
500meV	Agua+10NaCl	32	106
500meV	Agua+10NaCl	33	101
500meV	Agua+10NaCl	34	76
500meV	Agua+10NaCl	35	100
500meV	Agua+10NaCl	36	84
500meV	Agua+10NaCl	37	78
500meV	Agua+10NaCl	38	64
500meV	Agua+10NaCl	39	58
500meV	Agua+10NaCl	40	44
500meV	Agua+10NaCl	41	55
500meV	Agua+10NaCl	42	51
500meV	Agua+10NaCl	43	41
500meV	Agua+10NaCl	44	36
500meV	Agua+10NaCl	45	41
500meV	Agua+10NaCl	46	37
500meV	Agua+10NaCl	47	38
500meV	Agua+10NaCl	48	37
500meV	Agua+10NaCl	49	33
500meV	Agua+10NaCl	50	33
500meV	Agua+10NaCl	51	28
500meV	Agua+10NaCl	52	30
500meV	Agua+10NaCl	53	28
500meV	Agua+10NaCl	54	27
500meV	Agua+10NaCl	55	23
500meV	Agua+10NaCl	56	17
500meV	Agua+10NaCl	57	21
500meV	Agua+10NaCl	58	17
500meV	Agua+10NaCl	59	10
500meV	Agua+10NaCl	60	13
500meV	Agua+10NaCl	61	19
500meV	Agua+10NaCl	62	13
500meV	Agua+10NaCl	63	17
500meV	Agua+10NaCl	64	15
500meV	Agua+10NaCl	65	15
500meV	Agua+10NaCl	66	17
500meV	Agua+10NaCl	67	10
500meV	Agua+10NaCl	68	7
500meV	Agua+10NaCl	69	9
500meV	Agua+10NaCl	70	10
500meV	Agua+10NaCl	71	6
500meV	Agua+10NaCl	72	12
500meV	Agua+10NaCl	73	8
500meV	Agua+10NaCl	74	8
500meV	Agua+10NaCl	75	5
500meV	Agua+10NaCl	76	8
500meV	Agua+10NaCl	77	8
500meV	Agua+10NaCl	78	7
500meV	Agua+10NaCl	79	6
500meV	Agua+10NaCl	80	8
500meV	Agua+10NaCl	81	9
500meV	Agua+10NaCl	83	4
500meV	Agua+10NaCl	84	2
500meV	Agua+10NaCl	85	3
500meV	Agua+10NaCl	86	3
500meV	Agua+10NaCl	87	4
500meV	Agua+10NaCl	88	6
500meV	Agua+10NaCl	90	1
500meV	Agua+10NaCl	91	1
500meV	Agua+10NaCl	92	2
500meV	Agua+10NaCl	93	1
500meV	Agua+10NaCl	94	3
500meV	Agua+10NaCl	95	4
500meV	Agua+10NaCl	96	1
500meV	Agua+10NaCl	97	3
500meV	Agua+10NaCl	98	1
500meV	Agua+10NaCl	99	2
500meV	Agua+10NaCl	100	1
500meV	Agua+10NaCl	101	1
500meV	Agua+10NaCl	102	2
500meV	Agua+10NaCl	103	1
500meV	Agua+10NaCl	104	3
500meV	Agua+10NaCl	105	3
500meV	Agua+10NaCl	107	1
500meV	Agua+10NaCl	109	1
500meV	Agua+10NaCl	113	2
500meV	Agua+10NaCl	114	1
500meV	Agua+10NaCl	117	1
500meV	Agua+10NaCl	123	1
700meV	Agua-pura	1	4718
700meV	Agua-pura	2	4278
700meV	Agua-pura	3	3156
700meV	Agua-pura	4	2013
700meV	Agua-pura	5	1283
700meV	Agua-pura	6	734
700meV	Agua-pura	7	454
700meV	Agua-pura	8	275
700meV	Agua-pura	9	190
700meV	Agua-pura	10	151
700meV	Agua-pura	11	95
700meV	Agua-pura	12	74
700meV	Agua-pura	13	61
700meV	Agua-pura	14	45
700meV	Agua-pura	15	47
700meV	Agua-pura	16	34
700meV	Agua-pura	17	23
700meV	Agua-pura	18	14
700meV	Agua-pura	19	12
700meV	Agua-pura	20	9
700meV	Agua-pura	21	11
700meV	Agua-pura	22	8
700meV	Agua-pura	23	7
700meV	Agua-pura	24	2
700meV	Agua-pura	25	1
700meV	Agua-pura	26	2
700meV	Agua-pura	27	2
700meV	Agua-pura	28	1
700meV	Agua-pura	30	2
700meV	Agua-pura	35	1
700meV	Agua-pura	77	1
700meV	Agua+2.5NaCl	1	4407
700meV	Agua+2.5NaCl	2	3719
700meV	Agua+2.5NaCl	3	2889
700meV	Agua+2.5NaCl	4	1882
700meV	Agua+2.5NaCl	5	1394
700meV	Agua+2.5NaCl	6	1028
700meV	Agua+2.5NaCl	7	755
700meV	Agua+2.5NaCl	8	573
700meV	Agua+2.5NaCl	9	533
700meV	Agua+2.5NaCl	10	489
700meV	Agua+2.5NaCl	11	492
700meV	Agua+2.5NaCl	12	393
700meV	Agua+2.5NaCl	13	449
700meV	Agua+2.5NaCl	14	387
700meV	Agua+2.5NaCl	15	351
700meV	Agua+2.5NaCl	16	329
700meV	Agua+2.5NaCl	17	301
700meV	Agua+2.5NaCl	18	245
700meV	Agua+2.5NaCl	19	221
700meV	Agua+2.5NaCl	20	190
700meV	Agua+2.5NaCl	21	186
700meV	Agua+2.5NaCl	22	121
700meV	Agua+2.5NaCl	23	136
700meV	Agua+2.5NaCl	24	112
700meV	Agua+2.5NaCl	25	97
700meV	Agua+2.5NaCl	26	100
700meV	Agua+2.5NaCl	27	78
700meV	Agua+2.5NaCl	28	84
700meV	Agua+2.5NaCl	29	60
700meV	Agua+2.5NaCl	30	61
700meV	Agua+2.5NaCl	31	52
700meV	Agua+2.5NaCl	32	44
700meV	Agua+2.5NaCl	33	42
700meV	Agua+2.5NaCl	34	39
700meV	Agua+2.5NaCl	35	27
700meV	Agua+2.5NaCl	36	38
700meV	Agua+2.5NaCl	37	34
700meV	Agua+2.5NaCl	38	32
700meV	Agua+2.5NaCl	39	22
700meV	Agua+2.5NaCl	40	25
700meV	Agua+2.5NaCl	41	21
700meV	Agua+2.5NaCl	42	23
700meV	Agua+2.5NaCl	43	17
700meV	Agua+2.5NaCl	44	17
700meV	Agua+2.5NaCl	45	13
700meV	Agua+2.5NaCl	46	23
700meV	Agua+2.5NaCl	47	9
700meV	Agua+2.5NaCl	48	16
700meV	Agua+2.5NaCl	49	8
700meV	Agua+2.5NaCl	50	8
700meV	Agua+2.5NaCl	51	9
700meV	Agua+2.5NaCl	52	8
700meV	Agua+2.5NaCl	53	9
700meV	Agua+2.5NaCl	54	5
700meV	Agua+2.5NaCl	55	8
700meV	Agua+2.5NaCl	56	6
700meV	Agua+2.5NaCl	57	5
700meV	Agua+2.5NaCl	58	5
700meV	Agua+2.5NaCl	59	6
700meV	Agua+2.5NaCl	60	9
700meV	Agua+2.5NaCl	61	6
700meV	Agua+2.5NaCl	62	3
700meV	Agua+2.5NaCl	63	1
700meV	Agua+2.5NaCl	64	3
700meV	Agua+2.5NaCl	65	2
700meV	Agua+2.5NaCl	66	7
700meV	Agua+2.5NaCl	67	5
700meV	Agua+2.5NaCl	68	7
700meV	Agua+2.5NaCl	69	4
700meV	Agua+2.5NaCl	70	3
700meV	Agua+2.5NaCl	71	6
700meV	Agua+2.5NaCl	72	9
700meV	Agua+2.5NaCl	73	4
700meV	Agua+2.5NaCl	74	1
700meV	Agua+2.5NaCl	75	5
700meV	Agua+2.5NaCl	76	3
700meV	Agua+2.5NaCl	77	2
700meV	Agua+2.5NaCl	78	2
700meV	Agua+2.5NaCl	79	3
700meV	Agua+2.5NaCl	80	2
700meV	Agua+2.5NaCl	81	2
700meV	Agua+2.5NaCl	82	2
700meV	Agua+2.5NaCl	83	3
700meV	Agua+2.5NaCl	84	3
700meV	Agua+2.5NaCl	85	1
700meV	Agua+2.5NaCl	86	4
700meV	Agua+2.5NaCl	87	2
700meV	Agua+2.5NaCl	88	3
700meV	Agua+2.5NaCl	89	1
700meV	Agua+2.5NaCl	90	1
700meV	Agua+2.5NaCl	94	1
700meV	Agua+2.5NaCl	95	1
700meV	Agua+2.5NaCl	96	1
700meV	Agua+2.5NaCl	97	3
700meV	Agua+2.5NaCl	98	1
700meV	Agua+2.5NaCl	99	1
700meV	Agua+2.5NaCl	100	1
700meV	Agua+2.5NaCl	101	1
700meV	Agua+2.5NaCl	103	1
700meV	Agua+2.5NaCl	106	1
700meV	Agua+2.5NaCl	112	1
700meV	Agua+2.5NaCl	115	1
700meV	Agua+5NaCl	1	4208
700meV	Agua+5NaCl	2	3508
700meV	Agua+5NaCl	3	2796
700meV	Agua+5NaCl	4	2030
700meV	Agua+5NaCl	5	1452
700meV	Agua+5NaCl	6	1172
700meV	Agua+5NaCl	7	988
700meV	Agua+5NaCl	8	825
700meV	Agua+5NaCl	9	724
700meV	Agua+5NaCl	10	783
700meV	Agua+5NaCl	11	679
700meV	Agua+5NaCl	12	687
700meV	Agua+5NaCl	13	619
700meV	Agua+5NaCl	14	584
700meV	Agua+5NaCl	15	540
700meV	Agua+5NaCl	16	467
700meV	Agua+5NaCl	17	452
700meV	Agua+5NaCl	18	445
700meV	Agua+5NaCl	19	359
700meV	Agua+5NaCl	20	309
700meV	Agua+5NaCl	21	259
700meV	Agua+5NaCl	22	223
700meV	Agua+5NaCl	23	216
700meV	Agua+5NaCl	24	169
700meV	Agua+5NaCl	25	167
700meV	Agua+5NaCl	26	144
700meV	Agua+5NaCl	27	131
700meV	Agua+5NaCl	28	105
700meV	Agua+5NaCl	29	96
700meV	Agua+5NaCl	30	93
700meV	Agua+5NaCl	31	95
700meV	Agua+5NaCl	32	65
700meV	Agua+5NaCl	33	70
700meV	Agua+5NaCl	34	56
700meV	Agua+5NaCl	35	59
700meV	Agua+5NaCl	36	57
700meV	Agua+5NaCl	37	52
700meV	Agua+5NaCl	38	50
700meV	Agua+5NaCl	39	54
700meV	Agua+5NaCl	40	37
700meV	Agua+5NaCl	41	23
700meV	Agua+5NaCl	42	35
700meV	Agua+5NaCl	43	27
700meV	Agua+5NaCl	44	25
700meV	Agua+5NaCl	45	26
700meV	Agua+5NaCl	46	23
700meV	Agua+5NaCl	47	16
700meV	Agua+5NaCl	48	23
700meV	Agua+5NaCl	49	15
700meV	Agua+5NaCl	50	15
700meV	Agua+5NaCl	51	14
700meV	Agua+5NaCl	52	15
700meV	Agua+5NaCl	53	20
700meV	Agua+5NaCl	54	10
700meV	Agua+5NaCl	55	13
700meV	Agua+5NaCl	56	15
700meV	Agua+5NaCl	57	21
700meV	Agua+5NaCl	58	11
700meV	Agua+5NaCl	59	12
700meV	Agua+5NaCl	60	9
700meV	Agua+5NaCl	61	9
700meV	Agua+5NaCl	62	6
700meV	Agua+5NaCl	63	8
700meV	Agua+5NaCl	64	10
700meV	Agua+5NaCl	65	9
700meV	Agua+5NaCl	66	12
700meV	Agua+5NaCl	67	6
700meV	Agua+5NaCl	68	3
700meV	Agua+5NaCl	69	5
700meV	Agua+5NaCl	70	5
700meV	Agua+5NaCl	71	8
700meV	Agua+5NaCl	72	9
700meV	Agua+5NaCl	73	4
700meV	Agua+5NaCl	74	4
700meV	Agua+5NaCl	75	6
700meV	Agua+5NaCl	76	2
700meV	Agua+5NaCl	77	2
700meV	Agua+5NaCl	78	5
700meV	Agua+5NaCl	79	9
700meV	Agua+5NaCl	80	5
700meV	Agua+5NaCl	81	5
700meV	Agua+5NaCl	82	6
700meV	Agua+5NaCl	84	4
700meV	Agua+5NaCl	85	2
700meV	Agua+5NaCl	86	6
700meV	Agua+5NaCl	87	1
700meV	Agua+5NaCl	89	2
700meV	Agua+5NaCl	90	1
700meV	Agua+5NaCl	92	3
700meV	Agua+5NaCl	93	7
700meV	Agua+5NaCl	94	2
700meV	Agua+5NaCl	95	2
700meV	Agua+5NaCl	96	2
700meV	Agua+5NaCl	97	2
700meV	Agua+5NaCl	98	2
700meV	Agua+5NaCl	99	2
700meV	Agua+5NaCl	100	2
700meV	Agua+5NaCl	101	3
700meV	Agua+5NaCl	102	1
700meV	Agua+5NaCl	108	1
700meV	Agua+5NaCl	112	1
700meV	Agua+10NaCl	1	4167
700meV	Agua+10NaCl	2	3457
700meV	Agua+10NaCl	3	2771
700meV	Agua+10NaCl	4	2199
700meV	Agua+10NaCl	5	1676
700meV	Agua+10NaCl	6	1389
700meV	Agua+10NaCl	7	1137
700meV	Agua+10NaCl	8	1056
700meV	Agua+10NaCl	9	1006
700meV	Agua+10NaCl	10	999
700meV	Agua+10NaCl	11	1006
700meV	Agua+10NaCl	12	957
700meV	Agua+10NaCl	13	988
700meV	Agua+10NaCl	14	856
700meV	Agua+10NaCl	15	813
700meV	Agua+10NaCl	16	705
700meV	Agua+10NaCl	17	639
700meV	Agua+10NaCl	18	574
700meV	Agua+10NaCl	19	554
700meV	Agua+10NaCl	20	400
700meV	Agua+10NaCl	21	375
700meV	Agua+10NaCl	22	340
700meV	Agua+10NaCl	23	281
700meV	Agua+10NaCl	24	263
700meV	Agua+10NaCl	25	249
700meV	Agua+10NaCl	26	220
700meV	Agua+10NaCl	27	185
700meV	Agua+10NaCl	28	150
700meV	Agua+10NaCl	29	180
700meV	Agua+10NaCl	30	127
700meV	Agua+10NaCl	31	111
700meV	Agua+10NaCl	32	126
700meV	Agua+10NaCl	33	115
700meV	Agua+10NaCl	34	82
700meV	Agua+10NaCl	35	97
700meV	Agua+10NaCl	36	80
700meV	Agua+10NaCl	37	59
700meV	Agua+10NaCl	38	79
700meV	Agua+10NaCl	39	57
700meV	Agua+10NaCl	40	40
700meV	Agua+10NaCl	41	57
700meV	Agua+10NaCl	42	46
700meV	Agua+10NaCl	43	45
700meV	Agua+10NaCl	44	47
700meV	Agua+10NaCl	45	42
700meV	Agua+10NaCl	46	32
700meV	Agua+10NaCl	47	38
700meV	Agua+10NaCl	48	32
700meV	Agua+10NaCl	49	32
700meV	Agua+10NaCl	50	25
700meV	Agua+10NaCl	51	27
700meV	Agua+10NaCl	52	27
700meV	Agua+10NaCl	53	29
700meV	Agua+10NaCl	54	15
700meV	Agua+10NaCl	55	15
700meV	Agua+10NaCl	56	22
700meV	Agua+10NaCl	57	25
700meV	Agua+10NaCl	58	21
700meV	Agua+10NaCl	59	20
700meV	Agua+10NaCl	60	16
700meV	Agua+10NaCl	61	20
700meV	Agua+10NaCl	62	13
700meV	Agua+10NaCl	63	12
700meV	Agua+10NaCl	64	9
700meV	Agua+10NaCl	65	16
700meV	Agua+10NaCl	66	12
700meV	Agua+10NaCl	67	7
700meV	Agua+10NaCl	68	5
700meV	Agua+10NaCl	69	12
700meV	Agua+10NaCl	70	8
700meV	Agua+10NaCl	71	14
700meV	Agua+10NaCl	72	10
700meV	Agua+10NaCl	73	9
700meV	Agua+10NaCl	74	7
700meV	Agua+10NaCl	75	10
700meV	Agua+10NaCl	76	8
700meV	Agua+10NaCl	77	6
700meV	Agua+10NaCl	78	6
700meV	Agua+10NaCl	79	6
700meV	Agua+10NaCl	80	12
700meV	Agua+10NaCl	81	4
700meV	Agua+10NaCl	82	7
700meV	Agua+10NaCl	83	5
700meV	Agua+10NaCl	84	6
700meV	Agua+10NaCl	85	7
700meV	Agua+10NaCl	86	4
700meV	Agua+10NaCl	87	7
700meV	Agua+10NaCl	88	5
700meV	Agua+10NaCl	89	2
700meV	Agua+10NaCl	90	3
700meV	Agua+10NaCl	91	4
700meV	Agua+10NaCl	92	1
700meV	Agua+10NaCl	93	1
700meV	Agua+10NaCl	94	2
700meV	Agua+10NaCl	95	4
700meV	Agua+10NaCl	96	1
700meV	Agua+10NaCl	97	1
700meV	Agua+10NaCl	98	1
700meV	Agua+10NaCl	100	1
700meV	Agua+10NaCl	102	1
700meV	Agua+10NaCl	103	1
700meV	Agua+10NaCl	105	2
700meV	Agua+10NaCl	107	1
700meV	Agua+10NaCl	109	2
700meV	Agua+10NaCl	110	2
700meV	Agua+10NaCl	113	2
700meV	Agua+10NaCl	117	1
700meV	Agua+10NaCl	118	1
700meV	Agua+10NaCl	121	2
700meV	Agua+10NaCl	124	1
700meV	Agua+10NaCl	125	1
700meV	Agua+10NaCl	126	1
700meV	Agua+10NaCl	127	1
700meV	Agua+10NaCl	168	1
700meV	Agua+10NaCl	171	1
1000meV	Agua-pura	1	4799
1000meV	Agua-pura	2	4291
1000meV	Agua-pura	3	3123
1000meV	Agua-pura	4	2088
1000meV	Agua-pura	5	1256
1000meV	Agua-pura	6	746
1000meV	Agua-pura	7	471
1000meV	Agua-pura	8	336
1000meV	Agua-pura	9	223
1000meV	Agua-pura	10	151
1000meV	Agua-pura	11	112
1000meV	Agua-pura	12	92
1000meV	Agua-pura	13	59
1000meV	Agua-pura	14	45
1000meV	Agua-pura	15	41
1000meV	Agua-pura	16	28
1000meV	Agua-pura	17	31
1000meV	Agua-pura	18	23
1000meV	Agua-pura	19	20
1000meV	Agua-pura	20	15
1000meV	Agua-pura	21	13
1000meV	Agua-pura	22	7
1000meV	Agua-pura	23	4
1000meV	Agua-pura	24	1
1000meV	Agua-pura	25	3
1000meV	Agua-pura	26	2
1000meV	Agua-pura	27	1
1000meV	Agua-pura	28	2
1000meV	Agua-pura	38	1
1000meV	Agua+2.5NaCl	1	4554
1000meV	Agua+2.5NaCl	2	3778
1000meV	Agua+2.5NaCl	3	2811
1000meV	Agua+2.5NaCl	4	1978
1000meV	Agua+2.5NaCl	5	1317
1000meV	Agua+2.5NaCl	6	937
1000meV	Agua+2.5NaCl	7	741
1000meV	Agua+2.5NaCl	8	685
1000meV	Agua+2.5NaCl	9	534
1000meV	Agua+2.5NaCl	10	534
1000meV	Agua+2.5NaCl	11	496
1000meV	Agua+2.5NaCl	12	418
1000meV	Agua+2.5NaCl	13	393
1000meV	Agua+2.5NaCl	14	352
1000meV	Agua+2.5NaCl	15	344
1000meV	Agua+2.5NaCl	16	324
1000meV	Agua+2.5NaCl	17	286
1000meV	Agua+2.5NaCl	18	288
1000meV	Agua+2.5NaCl	19	217
1000meV	Agua+2.5NaCl	20	183
1000meV	Agua+2.5NaCl	21	174
1000meV	Agua+2.5NaCl	22	148
1000meV	Agua+2.5NaCl	23	122
1000meV	Agua+2.5NaCl	24	112
1000meV	Agua+2.5NaCl	25	90
1000meV	Agua+2.5NaCl	26	93
1000meV	Agua+2.5NaCl	27	81
1000meV	Agua+2.5NaCl	28	85
1000meV	Agua+2.5NaCl	29	73
1000meV	Agua+2.5NaCl	30	52
1000meV	Agua+2.5NaCl	31	47
1000meV	Agua+2.5NaCl	32	38
1000meV	Agua+2.5NaCl	33	32
1000meV	Agua+2.5NaCl	34	32
1000meV	Agua+2.5NaCl	35	38
1000meV	Agua+2.5NaCl	36	47
1000meV	Agua+2.5NaCl	37	28
1000meV	Agua+2.5NaCl	38	27
1000meV	Agua+2.5NaCl	39	36
1000meV	Agua+2.5NaCl	40	17
1000meV	Agua+2.5NaCl	41	21
1000meV	Agua+2.5NaCl	42	20
1000meV	Agua+2.5NaCl	43	20
1000meV	Agua+2.5NaCl	44	20
1000meV	Agua+2.5NaCl	45	11
1000meV	Agua+2.5NaCl	46	14
1000meV	Agua+2.5NaCl	47	20
1000meV	Agua+2.5NaCl	48	11
1000meV	Agua+2.5NaCl	49	14
1000meV	Agua+2.5NaCl	50	9
1000meV	Agua+2.5NaCl	51	17
1000meV	Agua+2.5NaCl	52	9
1000meV	Agua+2.5NaCl	53	10
1000meV	Agua+2.5NaCl	54	11
1000meV	Agua+2.5NaCl	55	6
1000meV	Agua+2.5NaCl	56	9
1000meV	Agua+2.5NaCl	57	13
1000meV	Agua+2.5NaCl	58	4
1000meV	Agua+2.5NaCl	59	7
1000meV	Agua+2.5NaCl	60	9
1000meV	Agua+2.5NaCl	61	8
1000meV	Agua+2.5NaCl	62	8
1000meV	Agua+2.5NaCl	63	4
1000meV	Agua+2.5NaCl	64	2
1000meV	Agua+2.5NaCl	65	5
1000meV	Agua+2.5NaCl	66	6
1000meV	Agua+2.5NaCl	67	6
1000meV	Agua+2.5NaCl	68	3
1000meV	Agua+2.5NaCl	69	11
1000meV	Agua+2.5NaCl	70	2
1000meV	Agua+2.5NaCl	71	2
1000meV	Agua+2.5NaCl	72	5
1000meV	Agua+2.5NaCl	73	3
1000meV	Agua+2.5NaCl	74	1
1000meV	Agua+2.5NaCl	75	1
1000meV	Agua+2.5NaCl	76	5
1000meV	Agua+2.5NaCl	77	2
1000meV	Agua+2.5NaCl	78	6
1000meV	Agua+2.5NaCl	79	3
1000meV	Agua+2.5NaCl	80	3
1000meV	Agua+2.5NaCl	81	3
1000meV	Agua+2.5NaCl	82	4
1000meV	Agua+2.5NaCl	83	4
1000meV	Agua+2.5NaCl	84	6
1000meV	Agua+2.5NaCl	85	4
1000meV	Agua+2.5NaCl	87	2
1000meV	Agua+2.5NaCl	88	3
1000meV	Agua+2.5NaCl	89	3
1000meV	Agua+2.5NaCl	90	3
1000meV	Agua+2.5NaCl	91	2
1000meV	Agua+2.5NaCl	92	1
1000meV	Agua+2.5NaCl	94	1
1000meV	Agua+2.5NaCl	95	2
1000meV	Agua+2.5NaCl	100	1
1000meV	Agua+2.5NaCl	101	1
1000meV	Agua+2.5NaCl	109	1
1000meV	Agua+2.5NaCl	116	1
1000meV	Agua+2.5NaCl	122	1
1000meV	Agua+2.5NaCl	150	1
1000meV	Agua+5NaCl	1	4261
1000meV	Agua+5NaCl	2	3691
1000meV	Agua+5NaCl	3	2759
1000meV	Agua+5NaCl	4	2102
1000meV	Agua+5NaCl	5	1460
1000meV	Agua+5NaCl	6	1120
1000meV	Agua+5NaCl	7	965
1000meV	Agua+5NaCl	8	788
1000meV	Agua+5NaCl	9	825
1000meV	Agua+5NaCl	10	736
1000meV	Agua+5NaCl	11	688
1000meV	Agua+5NaCl	12	657
1000meV	Agua+5NaCl	13	639
1000meV	Agua+5NaCl	14	546
1000meV	Agua+5NaCl	15	538
1000meV	Agua+5NaCl	16	484
1000meV	Agua+5NaCl	17	460
1000meV	Agua+5NaCl	18	376
1000meV	Agua+5NaCl	19	338
1000meV	Agua+5NaCl	20	274
1000meV	Agua+5NaCl	21	264
1000meV	Agua+5NaCl	22	241
1000meV	Agua+5NaCl	23	221
1000meV	Agua+5NaCl	24	200
1000meV	Agua+5NaCl	25	163
1000meV	Agua+5NaCl	26	145
1000meV	Agua+5NaCl	27	138
1000meV	Agua+5NaCl	28	125
1000meV	Agua+5NaCl	29	121
1000meV	Agua+5NaCl	30	94
1000meV	Agua+5NaCl	31	86
1000meV	Agua+5NaCl	32	75
1000meV	Agua+5NaCl	33	75
1000meV	Agua+5NaCl	34	62
1000meV	Agua+5NaCl	35	72
1000meV	Agua+5NaCl	36	55
1000meV	Agua+5NaCl	37	46
1000meV	Agua+5NaCl	38	39
1000meV	Agua+5NaCl	39	47
1000meV	Agua+5NaCl	40	37
1000meV	Agua+5NaCl	41	23
1000meV	Agua+5NaCl	42	28
1000meV	Agua+5NaCl	43	26
1000meV	Agua+5NaCl	44	32
1000meV	Agua+5NaCl	45	28
1000meV	Agua+5NaCl	46	25
1000meV	Agua+5NaCl	47	23
1000meV	Agua+5NaCl	48	29
1000meV	Agua+5NaCl	49	23
1000meV	Agua+5NaCl	50	24
1000meV	Agua+5NaCl	51	19
1000meV	Agua+5NaCl	52	15
1000meV	Agua+5NaCl	53	16
1000meV	Agua+5NaCl	54	16
1000meV	Agua+5NaCl	55	18
1000meV	Agua+5NaCl	56	15
1000meV	Agua+5NaCl	57	12
1000meV	Agua+5NaCl	58	15
1000meV	Agua+5NaCl	59	13
1000meV	Agua+5NaCl	60	14
1000meV	Agua+5NaCl	61	15
1000meV	Agua+5NaCl	62	10
1000meV	Agua+5NaCl	63	5
1000meV	Agua+5NaCl	64	8
1000meV	Agua+5NaCl	65	3
1000meV	Agua+5NaCl	66	13
1000meV	Agua+5NaCl	67	12
1000meV	Agua+5NaCl	68	6
1000meV	Agua+5NaCl	69	14
1000meV	Agua+5NaCl	70	3
1000meV	Agua+5NaCl	71	6
1000meV	Agua+5NaCl	72	4
1000meV	Agua+5NaCl	73	4
1000meV	Agua+5NaCl	74	11
1000meV	Agua+5NaCl	75	7
1000meV	Agua+5NaCl	76	5
1000meV	Agua+5NaCl	77	6
1000meV	Agua+5NaCl	78	4
1000meV	Agua+5NaCl	79	4
1000meV	Agua+5NaCl	80	3
1000meV	Agua+5NaCl	81	7
1000meV	Agua+5NaCl	82	3
1000meV	Agua+5NaCl	83	3
1000meV	Agua+5NaCl	84	4
1000meV	Agua+5NaCl	85	2
1000meV	Agua+5NaCl	86	2
1000meV	Agua+5NaCl	87	3
1000meV	Agua+5NaCl	88	3
1000meV	Agua+5NaCl	89	5
1000meV	Agua+5NaCl	90	2
1000meV	Agua+5NaCl	91	3
1000meV	Agua+5NaCl	92	3
1000meV	Agua+5NaCl	93	2
1000meV	Agua+5NaCl	94	2
1000meV	Agua+5NaCl	96	2
1000meV	Agua+5NaCl	97	3
1000meV	Agua+5NaCl	98	1
1000meV	Agua+5NaCl	99	1
1000meV	Agua+5NaCl	103	2
1000meV	Agua+5NaCl	104	1
1000meV	Agua+5NaCl	105	2
1000meV	Agua+5NaCl	106	1
1000meV	Agua+5NaCl	107	1
1000meV	Agua+5NaCl	109	1
1000meV	Agua+5NaCl	111	1
1000meV	Agua+5NaCl	119	1
1000meV	Agua+10NaCl	1	4226
1000meV	Agua+10NaCl	2	3402
1000meV	Agua+10NaCl	3	2797
1000meV	Agua+10NaCl	4	2147
1000meV	Agua+10NaCl	5	1691
1000meV	Agua+10NaCl	6	1435
1000meV	Agua+10NaCl	7	1201
1000meV	Agua+10NaCl	8	1104
1000meV	Agua+10NaCl	9	1031
1000meV	Agua+10NaCl	10	1025
1000meV	Agua+10NaCl	11	964
1000meV	Agua+10NaCl	12	928
1000meV	Agua+10NaCl	13	943
1000meV	Agua+10NaCl	14	873
1000meV	Agua+10NaCl	15	792
1000meV	Agua+10NaCl	16	787
1000meV	Agua+10NaCl	17	661
1000meV	Agua+10NaCl	18	565
1000meV	Agua+10NaCl	19	482
1000meV	Agua+10NaCl	20	452
1000meV	Agua+10NaCl	21	419
1000meV	Agua+10NaCl	22	343
1000meV	Agua+10NaCl	23	302
1000meV	Agua+10NaCl	24	274
1000meV	Agua+10NaCl	25	250
1000meV	Agua+10NaCl	26	224
1000meV	Agua+10NaCl	27	200
1000meV	Agua+10NaCl	28	184
1000meV	Agua+10NaCl	29	141
1000meV	Agua+10NaCl	30	128
1000meV	Agua+10NaCl	31	121
1000meV	Agua+10NaCl	32	137
1000meV	Agua+10NaCl	33	95
1000meV	Agua+10NaCl	34	115
1000meV	Agua+10NaCl	35	103
1000meV	Agua+10NaCl	36	72
1000meV	Agua+10NaCl	37	75
1000meV	Agua+10NaCl	38	72
1000meV	Agua+10NaCl	39	66
1000meV	Agua+10NaCl	40	52
1000meV	Agua+10NaCl	41	54
1000meV	Agua+10NaCl	42	53
1000meV	Agua+10NaCl	43	45
1000meV	Agua+10NaCl	44	37
1000meV	Agua+10NaCl	45	38
1000meV	Agua+10NaCl	46	39
1000meV	Agua+10NaCl	47	30
1000meV	Agua+10NaCl	48	31
1000meV	Agua+10NaCl	49	26
1000meV	Agua+10NaCl	50	33
1000meV	Agua+10NaCl	51	31
1000meV	Agua+10NaCl	52	22
1000meV	Agua+10NaCl	53	28
1000meV	Agua+10NaCl	54	22
1000meV	Agua+10NaCl	55	14
1000meV	Agua+10NaCl	56	19
1000meV	Agua+10NaCl	57	22
1000meV	Agua+10NaCl	58	14
1000meV	Agua+10NaCl	59	20
1000meV	Agua+10NaCl	60	10
1000meV	Agua+10NaCl	61	16
1000meV	Agua+10NaCl	62	17
1000meV	Agua+10NaCl	63	14
1000meV	Agua+10NaCl	64	10
1000meV	Agua+10NaCl	65	11
1000meV	Agua+10NaCl	66	10
1000meV	Agua+10NaCl	67	10
1000meV	Agua+10NaCl	68	15
1000meV	Agua+10NaCl	69	8
1000meV	Agua+10NaCl	70	8
1000meV	Agua+10NaCl	71	10
1000meV	Agua+10NaCl	72	9
1000meV	Agua+10NaCl	73	8
1000meV	Agua+10NaCl	74	12
1000meV	Agua+10NaCl	75	6
1000meV	Agua+10NaCl	76	10
1000meV	Agua+10NaCl	77	6
1000meV	Agua+10NaCl	78	5
1000meV	Agua+10NaCl	79	10
1000meV	Agua+10NaCl	80	7
1000meV	Agua+10NaCl	81	6
1000meV	Agua+10NaCl	82	6
1000meV	Agua+10NaCl	83	6
1000meV	Agua+10NaCl	84	8
1000meV	Agua+10NaCl	85	4
1000meV	Agua+10NaCl	86	2
1000meV	Agua+10NaCl	87	4
1000meV	Agua+10NaCl	88	7
1000meV	Agua+10NaCl	89	4
1000meV	Agua+10NaCl	90	4
1000meV	Agua+10NaCl	92	1
1000meV	Agua+10NaCl	93	2
1000meV	Agua+10NaCl	94	3
1000meV	Agua+10NaCl	95	1
1000meV	Agua+10NaCl	96	2
1000meV	Agua+10NaCl	97	2
1000meV	Agua+10NaCl	98	5
1000meV	Agua+10NaCl	100	2
1000meV	Agua+10NaCl	101	2
1000meV	Agua+10NaCl	102	1
1000meV	Agua+10NaCl	103	1
1000meV	Agua+10NaCl	104	1
1000meV	Agua+10NaCl	105	2
1000meV	Agua+10NaCl	110	1
1000meV	Agua+10NaCl	113	1
1000meV	Agua+10NaCl	114	1
1000meV	Agua+10NaCl	115	1
1000meV	Agua+10NaCl	117	1
1000meV	Agua+10NaCl	125	1
1000meV	Agua+10NaCl	127	1
1000meV	Agua+10NaCl	128	1
10000meV	Agua-pura	1	4793
10000meV	Agua-pura	2	4378
10000meV	Agua-pura	3	3122
10000meV	Agua-pura	4	2029
10000meV	Agua-pura	5	1260
10000meV	Agua-pura	6	759
10000meV	Agua-pura	7	424
10000meV	Agua-pura	8	301
10000meV	Agua-pura	9	191
10000meV	Agua-pura	10	178
10000meV	Agua-pura	11	121
10000meV	Agua-pura	12	86
10000meV	Agua-pura	13	57
10000meV	Agua-pura	14	37
10000meV	Agua-pura	15	41
10000meV	Agua-pura	16	17
10000meV	Agua-pura	17	22
10000meV	Agua-pura	18	15
10000meV	Agua-pura	19	9
10000meV	Agua-pura	20	9
10000meV	Agua-pura	21	5
10000meV	Agua-pura	22	3
10000meV	Agua-pura	23	8
10000meV	Agua-pura	24	1
10000meV	Agua-pura	25	2
10000meV	Agua-pura	26	3
10000meV	Agua+2.5NaCl	1	4408
10000meV	Agua+2.5NaCl	2	3816
10000meV	Agua+2.5NaCl	3	2984
10000meV	Agua+2.5NaCl	4	2046
10000meV	Agua+2.5NaCl	5	1422
10000meV	Agua+2.5NaCl	6	1008
10000meV	Agua+2.5NaCl	7	764
10000meV	Agua+2.5NaCl	8	678
10000meV	Agua+2.5NaCl	9	548
10000meV	Agua+2.5NaCl	10	521
10000meV	Agua+2.5NaCl	11	486
10000meV	Agua+2.5NaCl	12	446
10000meV	Agua+2.5NaCl	13	423
10000meV	Agua+2.5NaCl	14	410
10000meV	Agua+2.5NaCl	15	333
10000meV	Agua+2.5NaCl	16	323
10000meV	Agua+2.5NaCl	17	288
10000meV	Agua+2.5NaCl	18	311
10000meV	Agua+2.5NaCl	19	232
10000meV	Agua+2.5NaCl	20	225
10000meV	Agua+2.5NaCl	21	182
10000meV	Agua+2.5NaCl	22	147
10000meV	Agua+2.5NaCl	23	126
10000meV	Agua+2.5NaCl	24	106
10000meV	Agua+2.5NaCl	25	96
10000meV	Agua+2.5NaCl	26	75
10000meV	Agua+2.5NaCl	27	81
10000meV	Agua+2.5NaCl	28	71
10000meV	Agua+2.5NaCl	29	57
10000meV	Agua+2.5NaCl	30	63
10000meV	Agua+2.5NaCl	31	57
10000meV	Agua+2.5NaCl	32	50
10000meV	Agua+2.5NaCl	33	32
10000meV	Agua+2.5NaCl	34	43
10000meV	Agua+2.5NaCl	35	44
10000meV	Agua+2.5NaCl	36	23
10000meV	Agua+2.5NaCl	37	36
10000meV	Agua+2.5NaCl	38	24
10000meV	Agua+2.5NaCl	39	31
10000meV	Agua+2.5NaCl	40	20
10000meV	Agua+2.5NaCl	41	23
10000meV	Agua+2.5NaCl	42	25
10000meV	Agua+2.5NaCl	43	15
10000meV	Agua+2.5NaCl	44	23
10000meV	Agua+2.5NaCl	45	16
10000meV	Agua+2.5NaCl	46	9
10000meV	Agua+2.5NaCl	47	18
10000meV	Agua+2.5NaCl	48	12
10000meV	Agua+2.5NaCl	49	13
10000meV	Agua+2.5NaCl	50	14
10000meV	Agua+2.5NaCl	51	6
10000meV	Agua+2.5NaCl	52	12
10000meV	Agua+2.5NaCl	53	14
10000meV	Agua+2.5NaCl	54	16
10000meV	Agua+2.5NaCl	55	8
10000meV	Agua+2.5NaCl	56	7
10000meV	Agua+2.5NaCl	57	8
10000meV	Agua+2.5NaCl	58	4
10000meV	Agua+2.5NaCl	59	4
10000meV	Agua+2.5NaCl	60	6
10000meV	Agua+2.5NaCl	61	9
10000meV	Agua+2.5NaCl	62	8
10000meV	Agua+2.5NaCl	63	10
10000meV	Agua+2.5NaCl	64	8
10000meV	Agua+2.5NaCl	65	6
10000meV	Agua+2.5NaCl	66	4
10000meV	Agua+2.5NaCl	67	4
10000meV	Agua+2.5NaCl	68	3
10000meV	Agua+2.5NaCl	69	10
10000meV	Agua+2.5NaCl	70	4
10000meV	Agua+2.5NaCl	71	4
10000meV	Agua+2.5NaCl	72	4
10000meV	Agua+2.5NaCl	73	7
10000meV	Agua+2.5NaCl	74	5
10000meV	Agua+2.5NaCl	75	4
10000meV	Agua+2.5NaCl	76	2
10000meV	Agua+2.5NaCl	77	4
10000meV	Agua+2.5NaCl	78	3
10000meV	Agua+2.5NaCl	79	1
10000meV	Agua+2.5NaCl	80	2
10000meV	Agua+2.5NaCl	81	2
10000meV	Agua+2.5NaCl	82	1
10000meV	Agua+2.5NaCl	84	1
10000meV	Agua+2.5NaCl	85	3
10000meV	Agua+2.5NaCl	86	2
10000meV	Agua+2.5NaCl	87	1
10000meV	Agua+2.5NaCl	89	1
10000meV	Agua+2.5NaCl	90	3
10000meV	Agua+2.5NaCl	91	2
10000meV	Agua+2.5NaCl	92	1
10000meV	Agua+2.5NaCl	94	2
10000meV	Agua+2.5NaCl	96	1
10000meV	Agua+2.5NaCl	97	1
10000meV	Agua+2.5NaCl	99	1
10000meV	Agua+2.5NaCl	102	1
10000meV	Agua+2.5NaCl	104	1
10000meV	Agua+2.5NaCl	107	1
10000meV	Agua+2.5NaCl	111	1
10000meV	Agua+5NaCl	1	4168
10000meV	Agua+5NaCl	2	3521
10000meV	Agua+5NaCl	3	2797
10000meV	Agua+5NaCl	4	2034
10000meV	Agua+5NaCl	5	1466
10000meV	Agua+5NaCl	6	1127
10000meV	Agua+5NaCl	7	986
10000meV	Agua+5NaCl	8	837
10000meV	Agua+5NaCl	9	785
10000meV	Agua+5NaCl	10	740
10000meV	Agua+5NaCl	11	710
10000meV	Agua+5NaCl	12	653
10000meV	Agua+5NaCl	13	638
10000meV	Agua+5NaCl	14	614
10000meV	Agua+5NaCl	15	564
10000meV	Agua+5NaCl	16	488
10000meV	Agua+5NaCl	17	446
10000meV	Agua+5NaCl	18	438
10000meV	Agua+5NaCl	19	333
10000meV	Agua+5NaCl	20	274
10000meV	Agua+5NaCl	21	264
10000meV	Agua+5NaCl	22	224
10000meV	Agua+5NaCl	23	200
10000meV	Agua+5NaCl	24	198
10000meV	Agua+5NaCl	25	160
10000meV	Agua+5NaCl	26	125
10000meV	Agua+5NaCl	27	138
10000meV	Agua+5NaCl	28	100
10000meV	Agua+5NaCl	29	94
10000meV	Agua+5NaCl	30	91
10000meV	Agua+5NaCl	31	88
10000meV	Agua+5NaCl	32	73
10000meV	Agua+5NaCl	33	69
10000meV	Agua+5NaCl	34	69
10000meV	Agua+5NaCl	35	71
10000meV	Agua+5NaCl	36	52
10000meV	Agua+5NaCl	37	46
10000meV	Agua+5NaCl	38	47
10000meV	Agua+5NaCl	39	36
10000meV	Agua+5NaCl	40	45
10000meV	Agua+5NaCl	41	29
10000meV	Agua+5NaCl	42	31
10000meV	Agua+5NaCl	43	28
10000meV	Agua+5NaCl	44	29
10000meV	Agua+5NaCl	45	26
10000meV	Agua+5NaCl	46	20
10000meV	Agua+5NaCl	47	16
10000meV	Agua+5NaCl	48	25
10000meV	Agua+5NaCl	49	15
10000meV	Agua+5NaCl	50	12
10000meV	Agua+5NaCl	51	20
10000meV	Agua+5NaCl	52	21
10000meV	Agua+5NaCl	53	19
10000meV	Agua+5NaCl	54	16
10000meV	Agua+5NaCl	55	12
10000meV	Agua+5NaCl	56	12
10000meV	Agua+5NaCl	57	13
10000meV	Agua+5NaCl	58	16
10000meV	Agua+5NaCl	59	14
10000meV	Agua+5NaCl	60	17
10000meV	Agua+5NaCl	61	5
10000meV	Agua+5NaCl	62	11
10000meV	Agua+5NaCl	63	7
10000meV	Agua+5NaCl	64	12
10000meV	Agua+5NaCl	65	3
10000meV	Agua+5NaCl	66	5
10000meV	Agua+5NaCl	67	8
10000meV	Agua+5NaCl	68	7
10000meV	Agua+5NaCl	69	8
10000meV	Agua+5NaCl	70	11
10000meV	Agua+5NaCl	71	8
10000meV	Agua+5NaCl	72	6
10000meV	Agua+5NaCl	73	3
10000meV	Agua+5NaCl	74	6
10000meV	Agua+5NaCl	75	4
10000meV	Agua+5NaCl	76	7
10000meV	Agua+5NaCl	77	7
10000meV	Agua+5NaCl	78	7
10000meV	Agua+5NaCl	79	2
10000meV	Agua+5NaCl	80	1
10000meV	Agua+5NaCl	81	4
10000meV	Agua+5NaCl	82	4
10000meV	Agua+5NaCl	83	5
10000meV	Agua+5NaCl	84	3
10000meV	Agua+5NaCl	85	3
10000meV	Agua+5NaCl	86	5
10000meV	Agua+5NaCl	87	6
10000meV	Agua+5NaCl	88	3
10000meV	Agua+5NaCl	89	3
10000meV	Agua+5NaCl	90	2
10000meV	Agua+5NaCl	91	2
10000meV	Agua+5NaCl	92	2
10000meV	Agua+5NaCl	93	2
10000meV	Agua+5NaCl	94	1
10000meV	Agua+5NaCl	95	2
10000meV	Agua+5NaCl	96	2
10000meV	Agua+5NaCl	97	1
10000meV	Agua+5NaCl	98	2
10000meV	Agua+5NaCl	99	3
10000meV	Agua+5NaCl	101	1
10000meV	Agua+5NaCl	102	1
10000meV	Agua+5NaCl	103	2
10000meV	Agua+5NaCl	104	1
10000meV	Agua+5NaCl	107	3
10000meV	Agua+5NaCl	109	1
10000meV	Agua+5NaCl	116	1
10000meV	Agua+5NaCl	117	1
10000meV	Agua+5NaCl	118	1
10000meV	Agua+5NaCl	125	1
10000meV	Agua+10NaCl	1	4283
10000meV	Agua+10NaCl	2	3452
10000meV	Agua+10NaCl	3	2715
10000meV	Agua+10NaCl	4	2125
10000meV	Agua+10NaCl	5	1707
10000meV	Agua+10NaCl	6	1376
10000meV	Agua+10NaCl	7	1196
10000meV	Agua+10NaCl	8	1092
10000meV	Agua+10NaCl	9	1162
10000meV	Agua+10NaCl	10	972
10000meV	Agua+10NaCl	11	946
10000meV	Agua+10NaCl	12	960
10000meV	Agua+10NaCl	13	898
10000meV	Agua+10NaCl	14	821
10000meV	Agua+10NaCl	15	796
10000meV	Agua+10NaCl	16	722
10000meV	Agua+10NaCl	17	632
10000meV	Agua+10NaCl	18	564
10000meV	Agua+10NaCl	19	574
10000meV	Agua+10NaCl	20	428
10000meV	Agua+10NaCl	21	376
10000meV	Agua+10NaCl	22	370
10000meV	Agua+10NaCl	23	309
10000meV	Agua+10NaCl	24	308
10000meV	Agua+10NaCl	25	255
10000meV	Agua+10NaCl	26	217
10000meV	Agua+10NaCl	27	182
10000meV	Agua+10NaCl	28	158
10000meV	Agua+10NaCl	29	160
10000meV	Agua+10NaCl	30	136
10000meV	Agua+10NaCl	31	99
10000meV	Agua+10NaCl	32	112
10000meV	Agua+10NaCl	33	119
10000meV	Agua+10NaCl	34	92
10000meV	Agua+10NaCl	35	87
10000meV	Agua+10NaCl	36	87
10000meV	Agua+10NaCl	37	86
10000meV	Agua+10NaCl	38	67
10000meV	Agua+10NaCl	39	66
10000meV	Agua+10NaCl	40	53
10000meV	Agua+10NaCl	41	59
10000meV	Agua+10NaCl	42	42
10000meV	Agua+10NaCl	43	54
10000meV	Agua+10NaCl	44	47
10000meV	Agua+10NaCl	45	43
10000meV	Agua+10NaCl	46	42
10000meV	Agua+10NaCl	47	29
10000meV	Agua+10NaCl	48	37
10000meV	Agua+10NaCl	49	24
10000meV	Agua+10NaCl	50	21
10000meV	Agua+10NaCl	51	30
10000meV	Agua+10NaCl	52	29
10000meV	Agua+10NaCl	53	24
10000meV	Agua+10NaCl	54	24
10000meV	Agua+10NaCl	55	18
10000meV	Agua+10NaCl	56	16
10000meV	Agua+10NaCl	57	21
10000meV	Agua+10NaCl	58	24
10000meV	Agua+10NaCl	59	21
10000meV	Agua+10NaCl	60	18
10000meV	Agua+10NaCl	61	7
10000meV	Agua+10NaCl	62	12
10000meV	Agua+10NaCl	63	14
10000meV	Agua+10NaCl	64	10
10000meV	Agua+10NaCl	65	12
10000meV	Agua+10NaCl	66	17
10000meV	Agua+10NaCl	67	12
10000meV	Agua+10NaCl	68	10
10000meV	Agua+10NaCl	69	6
10000meV	Agua+10NaCl	70	6
10000meV	Agua+10NaCl	71	11
10000meV	Agua+10NaCl	72	9
10000meV	Agua+10NaCl	73	8
10000meV	Agua+10NaCl	74	10
10000meV	Agua+10NaCl	75	8
10000meV	Agua+10NaCl	76	5
10000meV	Agua+10NaCl	77	5
10000meV	Agua+10NaCl	78	4
10000meV	Agua+10NaCl	79	6
10000meV	Agua+10NaCl	80	7
10000meV	Agua+10NaCl	81	7
10000meV	Agua+10NaCl	82	9
10000meV	Agua+10NaCl	83	6
10000meV	Agua+10NaCl	84	5
10000meV	Agua+10NaCl	86	1
10000meV	Agua+10NaCl	87	4
10000meV	Agua+10NaCl	88	4
10000meV	Agua+10NaCl	89	1
10000meV	Agua+10NaCl	90	2
10000meV	Agua+10NaCl	91	3
10000meV	Agua+10NaCl	92	4
10000meV	Agua+10NaCl	93	5
10000meV	Agua+10NaCl	94	3
10000meV	Agua+10NaCl	95	1
10000meV	Agua+10NaCl	96	7
10000meV	Agua+10NaCl	97	3
10000meV	Agua+10NaCl	98	2
10000meV	Agua+10NaCl	99	3
10000meV	Agua+10NaCl	100	2
10000meV	Agua+10NaCl	101	1
10000meV	Agua+10NaCl	102	2
10000meV	Agua+10NaCl	104	2
10000meV	Agua+10NaCl	105	1
10000meV	Agua+10NaCl	106	2
10000meV	Agua+10NaCl	108	2
10000meV	Agua+10NaCl	110	1
10000meV	Agua+10NaCl	112	1
10000meV	Agua+10NaCl	113	1
10000meV	Agua+10NaCl	115	1
10000meV	Agua+10NaCl	117	1
10000meV	Agua+10NaCl	122	1
10000meV	Agua+10NaCl	129	1
10000meV	Agua+10NaCl	136	1
10000meV	Agua+10NaCl	182	1
100000meV	Agua-pura	1	4930
100000meV	Agua-pura	2	4270
100000meV	Agua-pura	3	3043
100000meV	Agua-pura	4	2072
100000meV	Agua-pura	5	1223
100000meV	Agua-pura	6	731
100000meV	Agua-pura	7	445
100000meV	Agua-pura	8	286
100000meV	Agua-pura	9	201
100000meV	Agua-pura	10	140
100000meV	Agua-pura	11	90
100000meV	Agua-pura	12	60
100000meV	Agua-pura	13	67
100000meV	Agua-pura	14	39
100000meV	Agua-pura	15	35
100000meV	Agua-pura	16	31
100000meV	Agua-pura	17	27
100000meV	Agua-pura	18	19
100000meV	Agua-pura	19	13
100000meV	Agua-pura	20	6
100000meV	Agua-pura	21	16
100000meV	Agua-pura	22	7
100000meV	Agua-pura	23	6
100000meV	Agua-pura	24	2
100000meV	Agua-pura	25	1
100000meV	Agua-pura	26	3
100000meV	Agua-pura	27	1
100000meV	Agua-pura	28	1
100000meV	Agua+2.5NaCl	1	4277
100000meV	Agua+2.5NaCl	2	3773
100000meV	Agua+2.5NaCl	3	2779
100000meV	Agua+2.5NaCl	4	1915
100000meV	Agua+2.5NaCl	5	1443
100000meV	Agua+2.5NaCl	6	978
100000meV	Agua+2.5NaCl	7	765
100000meV	Agua+2.5NaCl	8	620
100000meV	Agua+2.5NaCl	9	542
100000meV	Agua+2.5NaCl	10	487
100000meV	Agua+2.5NaCl	11	467
100000meV	Agua+2.5NaCl	12	425
100000meV	Agua+2.5NaCl	13	396
100000meV	Agua+2.5NaCl	14	370
100000meV	Agua+2.5NaCl	15	349
100000meV	Agua+2.5NaCl	16	299
100000meV	Agua+2.5NaCl	17	286
100000meV	Agua+2.5NaCl	18	237
100000meV	Agua+2.5NaCl	19	234
100000meV	Agua+2.5NaCl	20	201
100000meV	Agua+2.5NaCl	21	174
100000meV	Agua+2.5NaCl	22	154
100000meV	Agua+2.5NaCl	23	142
100000meV	Agua+2.5NaCl	24	120
100000meV	Agua+2.5NaCl	25	125
100000meV	Agua+2.5NaCl	26	92
100000meV	Agua+2.5NaCl	27	82
100000meV	Agua+2.5NaCl	28	58
100000meV	Agua+2.5NaCl	29	67
100000meV	Agua+2.5NaCl	30	54
100000meV	Agua+2.5NaCl	31	57
100000meV	Agua+2.5NaCl	32	50
100000meV	Agua+2.5NaCl	33	48
100000meV	Agua+2.5NaCl	34	44
100000meV	Agua+2.5NaCl	35	38
100000meV	Agua+2.5NaCl	36	38
100000meV	Agua+2.5NaCl	37	36
100000meV	Agua+2.5NaCl	38	25
100000meV	Agua+2.5NaCl	39	17
100000meV	Agua+2.5NaCl	40	18
100000meV	Agua+2.5NaCl	41	18
100000meV	Agua+2.5NaCl	42	24
100000meV	Agua+2.5NaCl	43	27
100000meV	Agua+2.5NaCl	44	19
100000meV	Agua+2.5NaCl	45	17
100000meV	Agua+2.5NaCl	46	13
100000meV	Agua+2.5NaCl	47	10
100000meV	Agua+2.5NaCl	48	18
100000meV	Agua+2.5NaCl	49	9
100000meV	Agua+2.5NaCl	50	12
100000meV	Agua+2.5NaCl	51	8
100000meV	Agua+2.5NaCl	52	11
100000meV	Agua+2.5NaCl	53	7
100000meV	Agua+2.5NaCl	54	4
100000meV	Agua+2.5NaCl	55	12
100000meV	Agua+2.5NaCl	56	6
100000meV	Agua+2.5NaCl	57	7
100000meV	Agua+2.5NaCl	58	7
100000meV	Agua+2.5NaCl	59	3
100000meV	Agua+2.5NaCl	60	3
100000meV	Agua+2.5NaCl	61	7
100000meV	Agua+2.5NaCl	62	4
100000meV	Agua+2.5NaCl	63	4
100000meV	Agua+2.5NaCl	64	6
100000meV	Agua+2.5NaCl	65	5
100000meV	Agua+2.5NaCl	66	10
100000meV	Agua+2.5NaCl	67	3
100000meV	Agua+2.5NaCl	68	6
100000meV	Agua+2.5NaCl	69	5
100000meV	Agua+2.5NaCl	70	2
100000meV	Agua+2.5NaCl	71	3
100000meV	Agua+2.5NaCl	72	4
100000meV	Agua+2.5NaCl	73	6
100000meV	Agua+2.5NaCl	74	1
100000meV	Agua+2.5NaCl	75	7
100000meV	Agua+2.5NaCl	76	5
100000meV	Agua+2.5NaCl	77	2
100000meV	Agua+2.5NaCl	78	2
100000meV	Agua+2.5NaCl	79	4
100000meV	Agua+2.5NaCl	80	2
100000meV	Agua+2.5NaCl	81	1
100000meV	Agua+2.5NaCl	82	3
100000meV	Agua+2.5NaCl	83	1
100000meV	Agua+2.5NaCl	84	2
100000meV	Agua+2.5NaCl	85	6
100000meV	Agua+2.5NaCl	86	3
100000meV	Agua+2.5NaCl	87	2
100000meV	Agua+2.5NaCl	88	1
100000meV	Agua+2.5NaCl	89	2
100000meV	Agua+2.5NaCl	90	1
100000meV	Agua+2.5NaCl	91	1
100000meV	Agua+2.5NaCl	95	2
100000meV	Agua+2.5NaCl	96	3
100000meV	Agua+2.5NaCl	99	1
100000meV	Agua+2.5NaCl	102	1
100000meV	Agua+2.5NaCl	103	1
100000meV	Agua+2.5NaCl	106	1
100000meV	Agua+2.5NaCl	111	1
100000meV	Agua+2.5NaCl	116	1
100000meV	Agua+2.5NaCl	120	1
100000meV	Agua+2.5NaCl	123	1
100000meV	Agua+5NaCl	1	4149
100000meV	Agua+5NaCl	2	3540
100000meV	Agua+5NaCl	3	2682
100000meV	Agua+5NaCl	4	2079
100000meV	Agua+5NaCl	5	1425
100000meV	Agua+5NaCl	6	1116
100000meV	Agua+5NaCl	7	973
100000meV	Agua+5NaCl	8	815
100000meV	Agua+5NaCl	9	815
100000meV	Agua+5NaCl	10	722
100000meV	Agua+5NaCl	11	691
100000meV	Agua+5NaCl	12	636
100000meV	Agua+5NaCl	13	639
100000meV	Agua+5NaCl	14	536
100000meV	Agua+5NaCl	15	507
100000meV	Agua+5NaCl	16	469
100000meV	Agua+5NaCl	17	445
100000meV	Agua+5NaCl	18	375
100000meV	Agua+5NaCl	19	341
100000meV	Agua+5NaCl	20	297
100000meV	Agua+5NaCl	21	273
100000meV	Agua+5NaCl	22	254
100000meV	Agua+5NaCl	23	200
100000meV	Agua+5NaCl	24	172
100000meV	Agua+5NaCl	25	172
100000meV	Agua+5NaCl	26	142
100000meV	Agua+5NaCl	27	147
100000meV	Agua+5NaCl	28	124
100000meV	Agua+5NaCl	29	102
100000meV	Agua+5NaCl	30	94
100000meV	Agua+5NaCl	31	90
100000meV	Agua+5NaCl	32	81
100000meV	Agua+5NaCl	33	69
100000meV	Agua+5NaCl	34	53
100000meV	Agua+5NaCl	35	63
100000meV	Agua+5NaCl	36	53
100000meV	Agua+5NaCl	37	42
100000meV	Agua+5NaCl	38	56
100000meV	Agua+5NaCl	39	40
100000meV	Agua+5NaCl	40	45
100000meV	Agua+5NaCl	41	38
100000meV	Agua+5NaCl	42	30
100000meV	Agua+5NaCl	43	32
100000meV	Agua+5NaCl	44	27
100000meV	Agua+5NaCl	45	33
100000meV	Agua+5NaCl	46	23
100000meV	Agua+5NaCl	47	20
100000meV	Agua+5NaCl	48	22
100000meV	Agua+5NaCl	49	17
100000meV	Agua+5NaCl	50	23
100000meV	Agua+5NaCl	51	19
100000meV	Agua+5NaCl	52	19
100000meV	Agua+5NaCl	53	22
100000meV	Agua+5NaCl	54	14
100000meV	Agua+5NaCl	55	11
100000meV	Agua+5NaCl	56	10
100000meV	Agua+5NaCl	57	16
100000meV	Agua+5NaCl	58	14
100000meV	Agua+5NaCl	59	12
100000meV	Agua+5NaCl	60	10
100000meV	Agua+5NaCl	61	18
100000meV	Agua+5NaCl	62	7
100000meV	Agua+5NaCl	63	8
100000meV	Agua+5NaCl	64	5
100000meV	Agua+5NaCl	65	7
100000meV	Agua+5NaCl	66	6
100000meV	Agua+5NaCl	67	7
100000meV	Agua+5NaCl	68	8
100000meV	Agua+5NaCl	69	12
100000meV	Agua+5NaCl	70	9
100000meV	Agua+5NaCl	71	11
100000meV	Agua+5NaCl	72	7
100000meV	Agua+5NaCl	73	5
100000meV	Agua+5NaCl	74	7
100000meV	Agua+5NaCl	75	1
100000meV	Agua+5NaCl	76	10
100000meV	Agua+5NaCl	77	5
100000meV	Agua+5NaCl	78	4
100000meV	Agua+5NaCl	79	4
100000meV	Agua+5NaCl	80	6
100000meV	Agua+5NaCl	81	7
100000meV	Agua+5NaCl	82	2
100000meV	Agua+5NaCl	83	5
100000meV	Agua+5NaCl	85	2
100000meV	Agua+5NaCl	86	4
100000meV	Agua+5NaCl	87	1
100000meV	Agua+5NaCl	88	3
100000meV	Agua+5NaCl	89	2
100000meV	Agua+5NaCl	91	5
100000meV	Agua+5NaCl	92	3
100000meV	Agua+5NaCl	93	3
100000meV	Agua+5NaCl	95	4
100000meV	Agua+5NaCl	97	2
100000meV	Agua+5NaCl	98	2
100000meV	Agua+5NaCl	99	2
100000meV	Agua+5NaCl	101	2
100000meV	Agua+5NaCl	104	1
100000meV	Agua+5NaCl	105	1
100000meV	Agua+5NaCl	106	2
100000meV	Agua+5NaCl	107	1
100000meV	Agua+5NaCl	108	1
100000meV	Agua+5NaCl	109	1
100000meV	Agua+5NaCl	111	1
100000meV	Agua+5NaCl	112	1
100000meV	Agua+5NaCl	122	1
100000meV	Agua+5NaCl	129	1
100000meV	Agua+5NaCl	150	1
100000meV	Agua+10NaCl	1	4008
100000meV	Agua+10NaCl	2	3338
100000meV	Agua+10NaCl	3	2669
100000meV	Agua+10NaCl	4	2022
100000meV	Agua+10NaCl	5	1732
100000meV	Agua+10NaCl	6	1294
100000meV	Agua+10NaCl	7	1194
100000meV	Agua+10NaCl	8	1121
100000meV	Agua+10NaCl	9	1090
100000meV	Agua+10NaCl	10	921
100000meV	Agua+10NaCl	11	945
100000meV	Agua+10NaCl	12	914
100000meV	Agua+10NaCl	13	856
100000meV	Agua+10NaCl	14	830
100000meV	Agua+10NaCl	15	752
100000meV	Agua+10NaCl	16	722
100000meV	Agua+10NaCl	17	609
100000meV	Agua+10NaCl	18	558
100000meV	Agua+10NaCl	19	488
100000meV	Agua+10NaCl	20	425
100000meV	Agua+10NaCl	21	421
100000meV	Agua+10NaCl	22	315
100000meV	Agua+10NaCl	23	308
100000meV	Agua+10NaCl	24	278
100000meV	Agua+10NaCl	25	253
100000meV	Agua+10NaCl	26	215
100000meV	Agua+10NaCl	27	189
100000meV	Agua+10NaCl	28	162
100000meV	Agua+10NaCl	29	144
100000meV	Agua+10NaCl	30	145
100000meV	Agua+10NaCl	31	129
100000meV	Agua+10NaCl	32	112
100000meV	Agua+10NaCl	33	96
100000meV	Agua+10NaCl	34	95
100000meV	Agua+10NaCl	35	87
100000meV	Agua+10NaCl	36	79
100000meV	Agua+10NaCl	37	61
100000meV	Agua+10NaCl	38	66
100000meV	Agua+10NaCl	39	68
100000meV	Agua+10NaCl	40	54
100000meV	Agua+10NaCl	41	55
100000meV	Agua+10NaCl	42	40
100000meV	Agua+10NaCl	43	38
100000meV	Agua+10NaCl	44	36
100000meV	Agua+10NaCl	45	43
100000meV	Agua+10NaCl	46	35
100000meV	Agua+10NaCl	47	35
100000meV	Agua+10NaCl	48	34
100000meV	Agua+10NaCl	49	31
100000meV	Agua+10NaCl	50	21
100000meV	Agua+10NaCl	51	22
100000meV	Agua+10NaCl	52	18
100000meV	Agua+10NaCl	53	21
100000meV	Agua+10NaCl	54	29
100000meV	Agua+10NaCl	55	22
100000meV	Agua+10NaCl	56	24
100000meV	Agua+10NaCl	57	20
100000meV	Agua+10NaCl	58	17
100000meV	Agua+10NaCl	59	12
100000meV	Agua+10NaCl	60	18
100000meV	Agua+10NaCl	61	14
100000meV	Agua+10NaCl	62	14
100000meV	Agua+10NaCl	63	17
100000meV	Agua+10NaCl	64	8
100000meV	Agua+10NaCl	65	8
100000meV	Agua+10NaCl	66	16
100000meV	Agua+10NaCl	67	19
100000meV	Agua+10NaCl	68	10
100000meV	Agua+10NaCl	69	4
100000meV	Agua+10NaCl	70	13
100000meV	Agua+10NaCl	71	6
100000meV	Agua+10NaCl	72	11
100000meV	Agua+10NaCl	73	10
100000meV	Agua+10NaCl	74	13
100000meV	Agua+10NaCl	75	6
100000meV	Agua+10NaCl	76	6
100000meV	Agua+10NaCl	77	7
100000meV	Agua+10NaCl	78	9
100000meV	Agua+10NaCl	79	7
100000meV	Agua+10NaCl	80	9
100000meV	Agua+10NaCl	81	5
100000meV	Agua+10NaCl	82	4
100000meV	Agua+10NaCl	83	4
100000meV	Agua+10NaCl	84	4
100000meV	Agua+10NaCl	85	3
100000meV	Agua+10NaCl	86	3
100000meV	Agua+10NaCl	87	5
100000meV	Agua+10NaCl	88	3
100000meV	Agua+10NaCl	89	7
100000meV	Agua+10NaCl	90	2
100000meV	Agua+10NaCl	91	6
100000meV	Agua+10NaCl	92	3
100000meV	Agua+10NaCl	93	2
100000meV	Agua+10NaCl	94	4
100000meV	Agua+10NaCl	95	1
100000meV	Agua+10NaCl	96	1
100000meV	Agua+10NaCl	97	3
100000meV	Agua+10NaCl	98	3
100000meV	Agua+10NaCl	99	2
100000meV	Agua+10NaCl	100	2
100000meV	Agua+10NaCl	101	4
100000meV	Agua+10NaCl	102	1
100000meV	Agua+10NaCl	103	2
100000meV	Agua+10NaCl	104	2
100000meV	Agua+10NaCl	106	1
100000meV	Agua+10NaCl	107	3
100000meV	Agua+10NaCl	110	1
100000meV	Agua+10NaCl	113	1
100000meV	Agua+10NaCl	114	1
100000meV	Agua+10NaCl	116	1
100000meV	Agua+10NaCl	117	1
100000meV	Agua+10NaCl	118	1
100000meV	Agua+10NaCl	120	2
100000meV	Agua+10NaCl	121	2
100000meV	Agua+10NaCl	130	1
100000meV	Agua+10NaCl	147	1
1000000meV	Agua-pura	1	4961
1000000meV	Agua-pura	2	4177
1000000meV	Agua-pura	3	3021
1000000meV	Agua-pura	4	2060
1000000meV	Agua-pura	5	1161
1000000meV	Agua-pura	6	710
1000000meV	Agua-pura	7	430
1000000meV	Agua-pura	8	263
1000000meV	Agua-pura	9	206
1000000meV	Agua-pura	10	125
1000000meV	Agua-pura	11	117
1000000meV	Agua-pura	12	73
1000000meV	Agua-pura	13	67
1000000meV	Agua-pura	14	49
1000000meV	Agua-pura	15	38
1000000meV	Agua-pura	16	21
1000000meV	Agua-pura	17	32
1000000meV	Agua-pura	18	18
1000000meV	Agua-pura	19	19
1000000meV	Agua-pura	20	10
1000000meV	Agua-pura	21	6
1000000meV	Agua-pura	22	8
1000000meV	Agua-pura	23	3
1000000meV	Agua-pura	24	5
1000000meV	Agua-pura	25	2
1000000meV	Agua-pura	26	1
1000000meV	Agua+2.5NaCl	1	4226
1000000meV	Agua+2.5NaCl	2	3655
1000000meV	Agua+2.5NaCl	3	2645
1000000meV	Agua+2.5NaCl	4	1893
1000000meV	Agua+2.5NaCl	5	1354
1000000meV	Agua+2.5NaCl	6	923
1000000meV	Agua+2.5NaCl	7	690
1000000meV	Agua+2.5NaCl	8	604
1000000meV	Agua+2.5NaCl	9	522
1000000meV	Agua+2.5NaCl	10	480
1000000meV	Agua+2.5NaCl	11	440
1000000meV	Agua+2.5NaCl	12	391
1000000meV	Agua+2.5NaCl	13	381
1000000meV	Agua+2.5NaCl	14	365
1000000meV	Agua+2.5NaCl	15	360
1000000meV	Agua+2.5NaCl	16	351
1000000meV	Agua+2.5NaCl	17	299
1000000meV	Agua+2.5NaCl	18	248
1000000meV	Agua+2.5NaCl	19	221
1000000meV	Agua+2.5NaCl	20	181
1000000meV	Agua+2.5NaCl	21	156
1000000meV	Agua+2.5NaCl	22	157
1000000meV	Agua+2.5NaCl	23	112
1000000meV	Agua+2.5NaCl	24	115
1000000meV	Agua+2.5NaCl	25	114
1000000meV	Agua+2.5NaCl	26	88
1000000meV	Agua+2.5NaCl	27	77
1000000meV	Agua+2.5NaCl	28	79
1000000meV	Agua+2.5NaCl	29	50
1000000meV	Agua+2.5NaCl	30	77
1000000meV	Agua+2.5NaCl	31	49
1000000meV	Agua+2.5NaCl	32	47
1000000meV	Agua+2.5NaCl	33	43
1000000meV	Agua+2.5NaCl	34	32
1000000meV	Agua+2.5NaCl	35	33
1000000meV	Agua+2.5NaCl	36	41
1000000meV	Agua+2.5NaCl	37	26
1000000meV	Agua+2.5NaCl	38	31
1000000meV	Agua+2.5NaCl	39	21
1000000meV	Agua+2.5NaCl	40	25
1000000meV	Agua+2.5NaCl	41	20
1000000meV	Agua+2.5NaCl	42	26
1000000meV	Agua+2.5NaCl	43	9
1000000meV	Agua+2.5NaCl	44	17
1000000meV	Agua+2.5NaCl	45	16
1000000meV	Agua+2.5NaCl	46	14
1000000meV	Agua+2.5NaCl	47	15
1000000meV	Agua+2.5NaCl	48	13
1000000meV	Agua+2.5NaCl	49	13
1000000meV	Agua+2.5NaCl	50	8
1000000meV	Agua+2.5NaCl	51	8
1000000meV	Agua+2.5NaCl	52	11
1000000meV	Agua+2.5NaCl	53	11
1000000meV	Agua+2.5NaCl	54	6
1000000meV	Agua+2.5NaCl	55	12
1000000meV	Agua+2.5NaCl	56	10
1000000meV	Agua+2.5NaCl	57	6
1000000meV	Agua+2.5NaCl	58	10
1000000meV	Agua+2.5NaCl	59	5
1000000meV	Agua+2.5NaCl	60	7
1000000meV	Agua+2.5NaCl	61	7
1000000meV	Agua+2.5NaCl	62	5
1000000meV	Agua+2.5NaCl	63	8
1000000meV	Agua+2.5NaCl	64	3
1000000meV	Agua+2.5NaCl	65	9
1000000meV	Agua+2.5NaCl	66	8
1000000meV	Agua+2.5NaCl	67	8
1000000meV	Agua+2.5NaCl	68	4
1000000meV	Agua+2.5NaCl	69	3
1000000meV	Agua+2.5NaCl	70	3
1000000meV	Agua+2.5NaCl	71	6
1000000meV	Agua+2.5NaCl	72	8
1000000meV	Agua+2.5NaCl	73	5
1000000meV	Agua+2.5NaCl	74	4
1000000meV	Agua+2.5NaCl	75	2
1000000meV	Agua+2.5NaCl	76	2
1000000meV	Agua+2.5NaCl	77	5
1000000meV	Agua+2.5NaCl	79	5
1000000meV	Agua+2.5NaCl	80	4
1000000meV	Agua+2.5NaCl	81	1
1000000meV	Agua+2.5NaCl	82	1
1000000meV	Agua+2.5NaCl	83	1
1000000meV	Agua+2.5NaCl	84	2
1000000meV	Agua+2.5NaCl	85	1
1000000meV	Agua+2.5NaCl	86	2
1000000meV	Agua+2.5NaCl	87	2
1000000meV	Agua+2.5NaCl	88	2
1000000meV	Agua+2.5NaCl	89	2
1000000meV	Agua+2.5NaCl	90	3
1000000meV	Agua+2.5NaCl	93	2
1000000meV	Agua+2.5NaCl	94	2
1000000meV	Agua+2.5NaCl	96	1
1000000meV	Agua+2.5NaCl	97	2
1000000meV	Agua+2.5NaCl	99	1
1000000meV	Agua+2.5NaCl	102	1
1000000meV	Agua+2.5NaCl	103	2
1000000meV	Agua+2.5NaCl	105	1
1000000meV	Agua+2.5NaCl	110	1
1000000meV	Agua+2.5NaCl	115	1
1000000meV	Agua+2.5NaCl	119	1
1000000meV	Agua+2.5NaCl	127	1
1000000meV	Agua+5NaCl	1	3913
1000000meV	Agua+5NaCl	2	3367
1000000meV	Agua+5NaCl	3	2636
1000000meV	Agua+5NaCl	4	1908
1000000meV	Agua+5NaCl	5	1433
1000000meV	Agua+5NaCl	6	1101
1000000meV	Agua+5NaCl	7	844
1000000meV	Agua+5NaCl	8	773
1000000meV	Agua+5NaCl	9	728
1000000meV	Agua+5NaCl	10	696
1000000meV	Agua+5NaCl	11	658
1000000meV	Agua+5NaCl	12	637
1000000meV	Agua+5NaCl	13	585
1000000meV	Agua+5NaCl	14	575
1000000meV	Agua+5NaCl	15	542
1000000meV	Agua+5NaCl	16	493
1000000meV	Agua+5NaCl	17	441
1000000meV	Agua+5NaCl	18	395
1000000meV	Agua+5NaCl	19	304
1000000meV	Agua+5NaCl	20	296
1000000meV	Agua+5NaCl	21	253
1000000meV	Agua+5NaCl	22	241
1000000meV	Agua+5NaCl	23	189
1000000meV	Agua+5NaCl	24	186
1000000meV	Agua+5NaCl	25	143
1000000meV	Agua+5NaCl	26	115
1000000meV	Agua+5NaCl	27	109
1000000meV	Agua+5NaCl	28	114
1000000meV	Agua+5NaCl	29	94
1000000meV	Agua+5NaCl	30	90
1000000meV	Agua+5NaCl	31	91
1000000meV	Agua+5NaCl	32	57
1000000meV	Agua+5NaCl	33	78
1000000meV	Agua+5NaCl	34	67
1000000meV	Agua+5NaCl	35	65
1000000meV	Agua+5NaCl	36	64
1000000meV	Agua+5NaCl	37	53
1000000meV	Agua+5NaCl	38	42
1000000meV	Agua+5NaCl	39	43
1000000meV	Agua+5NaCl	40	48
1000000meV	Agua+5NaCl	41	33
1000000meV	Agua+5NaCl	42	35
1000000meV	Agua+5NaCl	43	34
1000000meV	Agua+5NaCl	44	28
1000000meV	Agua+5NaCl	45	23
1000000meV	Agua+5NaCl	46	27
1000000meV	Agua+5NaCl	47	24
1000000meV	Agua+5NaCl	48	12
1000000meV	Agua+5NaCl	49	17
1000000meV	Agua+5NaCl	50	15
1000000meV	Agua+5NaCl	51	17
1000000meV	Agua+5NaCl	52	7
1000000meV	Agua+5NaCl	53	19
1000000meV	Agua+5NaCl	54	15
1000000meV	Agua+5NaCl	55	15
1000000meV	Agua+5NaCl	56	14
1000000meV	Agua+5NaCl	57	9
1000000meV	Agua+5NaCl	58	11
1000000meV	Agua+5NaCl	59	15
1000000meV	Agua+5NaCl	60	16
1000000meV	Agua+5NaCl	61	8
1000000meV	Agua+5NaCl	62	10
1000000meV	Agua+5NaCl	63	12
1000000meV	Agua+5NaCl	64	7
1000000meV	Agua+5NaCl	65	6
1000000meV	Agua+5NaCl	66	12
1000000meV	Agua+5NaCl	67	13
1000000meV	Agua+5NaCl	68	4
1000000meV	Agua+5NaCl	69	5
1000000meV	Agua+5NaCl	70	7
1000000meV	Agua+5NaCl	71	5
1000000meV	Agua+5NaCl	72	5
1000000meV	Agua+5NaCl	73	8
1000000meV	Agua+5NaCl	74	3
1000000meV	Agua+5NaCl	75	4
1000000meV	Agua+5NaCl	76	4
1000000meV	Agua+5NaCl	77	2
1000000meV	Agua+5NaCl	78	4
1000000meV	Agua+5NaCl	79	3
1000000meV	Agua+5NaCl	80	4
1000000meV	Agua+5NaCl	81	10
1000000meV	Agua+5NaCl	82	2
1000000meV	Agua+5NaCl	83	5
1000000meV	Agua+5NaCl	84	3
1000000meV	Agua+5NaCl	85	6
1000000meV	Agua+5NaCl	86	2
1000000meV	Agua+5NaCl	87	2
1000000meV	Agua+5NaCl	88	1
1000000meV	Agua+5NaCl	89	5
1000000meV	Agua+5NaCl	90	3
1000000meV	Agua+5NaCl	91	2
1000000meV	Agua+5NaCl	92	1
1000000meV	Agua+5NaCl	93	5
1000000meV	Agua+5NaCl	94	2
1000000meV	Agua+5NaCl	95	1
1000000meV	Agua+5NaCl	97	2
1000000meV	Agua+5NaCl	100	2
1000000meV	Agua+5NaCl	102	4
1000000meV	Agua+5NaCl	103	1
1000000meV	Agua+5NaCl	104	1
1000000meV	Agua+5NaCl	105	1
1000000meV	Agua+5NaCl	106	1
1000000meV	Agua+5NaCl	108	1
1000000meV	Agua+5NaCl	114	2
1000000meV	Agua+5NaCl	117	1
1000000meV	Agua+5NaCl	126	1
1000000meV	Agua+5NaCl	127	1
1000000meV	Agua+5NaCl	142	1
1000000meV	Agua+10NaCl	1	3841
1000000meV	Agua+10NaCl	2	3214
1000000meV	Agua+10NaCl	3	2517
1000000meV	Agua+10NaCl	4	1981
1000000meV	Agua+10NaCl	5	1490
1000000meV	Agua+10NaCl	6	1326
1000000meV	Agua+10NaCl	7	1081
1000000meV	Agua+10NaCl	8	1053
1000000meV	Agua+10NaCl	9	934
1000000meV	Agua+10NaCl	10	968
1000000meV	Agua+10NaCl	11	937
1000000meV	Agua+10NaCl	12	815
1000000meV	Agua+10NaCl	13	869
1000000meV	Agua+10NaCl	14	812
1000000meV	Agua+10NaCl	15	755
1000000meV	Agua+10NaCl	16	690
1000000meV	Agua+10NaCl	17	585
1000000meV	Agua+10NaCl	18	555
1000000meV	Agua+10NaCl	19	479
1000000meV	Agua+10NaCl	20	393
1000000meV	Agua+10NaCl	21	370
1000000meV	Agua+10NaCl	22	304
1000000meV	Agua+10NaCl	23	280
1000000meV	Agua+10NaCl	24	253
1000000meV	Agua+10NaCl	25	207
1000000meV	Agua+10NaCl	26	201
1000000meV	Agua+10NaCl	27	190
1000000meV	Agua+10NaCl	28	172
1000000meV	Agua+10NaCl	29	158
1000000meV	Agua+10NaCl	30	136
1000000meV	Agua+10NaCl	31	115
1000000meV	Agua+10NaCl	32	116
1000000meV	Agua+10NaCl	33	95
1000000meV	Agua+10NaCl	34	85
1000000meV	Agua+10NaCl	35	87
1000000meV	Agua+10NaCl	36	84
1000000meV	Agua+10NaCl	37	75
1000000meV	Agua+10NaCl	38	71
1000000meV	Agua+10NaCl	39	66
1000000meV	Agua+10NaCl	40	49
1000000meV	Agua+10NaCl	41	68
1000000meV	Agua+10NaCl	42	42
1000000meV	Agua+10NaCl	43	25
1000000meV	Agua+10NaCl	44	41
1000000meV	Agua+10NaCl	45	35
1000000meV	Agua+10NaCl	46	32
1000000meV	Agua+10NaCl	47	40
1000000meV	Agua+10NaCl	48	37
1000000meV	Agua+10NaCl	49	34
1000000meV	Agua+10NaCl	50	33
1000000meV	Agua+10NaCl	51	27
1000000meV	Agua+10NaCl	52	30
1000000meV	Agua+10NaCl	53	20
1000000meV	Agua+10NaCl	54	20
1000000meV	Agua+10NaCl	55	17
1000000meV	Agua+10NaCl	56	21
1000000meV	Agua+10NaCl	57	27
1000000meV	Agua+10NaCl	58	20
1000000meV	Agua+10NaCl	59	19
1000000meV	Agua+10NaCl	60	19
1000000meV	Agua+10NaCl	61	14
1000000meV	Agua+10NaCl	62	11
1000000meV	Agua+10NaCl	63	9
1000000meV	Agua+10NaCl	64	8
1000000meV	Agua+10NaCl	65	11
1000000meV	Agua+10NaCl	66	13
1000000meV	Agua+10NaCl	67	8
1000000meV	Agua+10NaCl	68	9
1000000meV	Agua+10NaCl	69	10
1000000meV	Agua+10NaCl	70	9
1000000meV	Agua+10NaCl	71	10
1000000meV	Agua+10NaCl	72	6
1000000meV	Agua+10NaCl	73	11
1000000meV	Agua+10NaCl	74	8
1000000meV	Agua+10NaCl	75	6
1000000meV	Agua+10NaCl	76	7
1000000meV	Agua+10NaCl	77	6
1000000meV	Agua+10NaCl	78	7
1000000meV	Agua+10NaCl	79	5
1000000meV	Agua+10NaCl	80	2
1000000meV	Agua+10NaCl	81	7
1000000meV	Agua+10NaCl	82	3
1000000meV	Agua+10NaCl	83	3
1000000meV	Agua+10NaCl	84	4
1000000meV	Agua+10NaCl	85	1
1000000meV	Agua+10NaCl	86	4
1000000meV	Agua+10NaCl	87	1
1000000meV	Agua+10NaCl	88	2
1000000meV	Agua+10NaCl	89	1
1000000meV	Agua+10NaCl	90	2
1000000meV	Agua+10NaCl	91	3
1000000meV	Agua+10NaCl	92	8
1000000meV	Agua+10NaCl	93	2
1000000meV	Agua+10NaCl	94	1
1000000meV	Agua+10NaCl	95	4
1000000meV	Agua+10NaCl	96	3
1000000meV	Agua+10NaCl	97	2
1000000meV	Agua+10NaCl	98	4
1000000meV	Agua+10NaCl	99	1
1000000meV	Agua+10NaCl	100	2
1000000meV	Agua+10NaCl	101	3
1000000meV	Agua+10NaCl	103	1
1000000meV	Agua+10NaCl	108	1
1000000meV	Agua+10NaCl	109	1
1000000meV	Agua+10NaCl	110	1
1000000meV	Agua+10NaCl	111	1
1000000meV	Agua+10NaCl	112	1
1000000meV	Agua+10NaCl	114	2
1000000meV	Agua+10NaCl	118	1
1000000meV	Agua+10NaCl	136	1
1000000meV	Agua+10NaCl	143	1
1000000meV	Agua+10NaCl	150	1
